game_id,move_number,color,is_mine,move,eval_before,eval_after,is_mate_before,is_mate_after,cp_loss,is_critical,best_move,phase,time_spent,time_left,session_game_no,opening,result
oOW508JM,1,white,True,e4,47,48,False,False,0,0,e4,opening,0.0,180.0,8,Latvian Gambit,1-0
oOW508JM,1,black,False,e5,-48,-36,False,False,0,0,c5,opening,0.0,180.0,8,Latvian Gambit,1-0
oOW508JM,2,white,True,Nf3,36,37,False,False,0,0,Nf3,opening,1.0,179.0,8,Latvian Gambit,1-0
oOW508JM,2,black,False,f5,-37,-138,False,False,101,0,Nc6,opening,0.0,180.0,8,Latvian Gambit,1-0
oOW508JM,3,white,True,Nxe5,138,135,False,False,3,1,exf5,opening,2.0,177.0,8,Latvian Gambit,1-0
oOW508JM,3,black,False,fxe4,-135,-255,False,False,120,0,Nf6,opening,0.0,180.0,8,Latvian Gambit,1-0
oOW508JM,4,white,True,d4,255,53,False,False,202,1,Qh5+,opening,2.0,175.0,8,Latvian Gambit,1-0
oOW508JM,4,black,False,Nf6,-53,-45,False,False,0,1,Nf6,opening,3.0,177.0,8,Latvian Gambit,1-0
oOW508JM,5,white,True,Bc4,45,44,False,False,1,0,Be2,opening,3.0,172.0,8,Latvian Gambit,1-0
oOW508JM,5,black,False,d5,-44,-46,False,False,2,0,d5,opening,1.0,176.0,8,Latvian Gambit,1-0
oOW508JM,6,white,True,Bb3,46,39,False,False,7,0,Bb3,opening,7.0,165.0,8,Latvian Gambit,1-0
oOW508JM,6,black,False,Nc6,-39,-49,False,False,10,0,Bb4+,opening,1.0,175.0,8,Latvian Gambit,1-0
oOW508JM,7,white,True,O-O,49,38,False,False,11,0,O-O,opening,2.0,163.0,8,Latvian Gambit,1-0
oOW508JM,7,black,False,Bd6,-38,-28,False,False,0,0,Bd6,opening,1.0,174.0,8,Latvian Gambit,1-0
oOW508JM,8,white,True,Nxc6,28,-130,False,False,158,0,f4,opening,2.0,161.0,8,Latvian Gambit,1-0
oOW508JM,8,black,False,bxc6,130,160,False,False,0,1,bxc6,opening,0.0,174.0,8,Latvian Gambit,1-0
oOW508JM,9,white,True,Nc3,-160,-188,False,False,28,0,f3,opening,2.0,159.0,8,Latvian Gambit,1-0
oOW508JM,9,black,False,O-O,188,210,False,False,0,0,O-O,opening,2.0,172.0,8,Latvian Gambit,1-0
oOW508JM,10,white,True,Bg5,-210,-206,False,False,0,0,Bg5,opening,2.0,157.0,8,Latvian Gambit,1-0
oOW508JM,10,black,False,Kh8,206,207,False,False,0,0,Kh8,opening,0.0,172.0,8,Latvian Gambit,1-0
oOW508JM,11,white,True,g3,-207,-272,False,False,65,0,Bh4,opening,3.0,154.0,8,Latvian Gambit,1-0
oOW508JM,11,black,False,Qe8,272,306,False,False,0,0,h6,opening,2.0,170.0,8,Latvian Gambit,1-0
oOW508JM,12,white,True,Bxf6,-306,-312,False,False,6,0,Bxf6,opening,5.0,149.0,8,Latvian Gambit,1-0
oOW508JM,12,black,False,Rxf6,312,311,False,False,1,0,Rxf6,opening,0.0,170.0,8,Latvian Gambit,1-0
oOW508JM,13,white,True,Bxd5,-311,-434,False,False,123,0,Ba4,middlegame,3.0,146.0,8,Latvian Gambit,1-0
oOW508JM,13,black,False,cxd5,434,453,False,False,0,1,cxd5,middlegame,3.0,167.0,8,Latvian Gambit,1-0
oOW508JM,14,white,True,Nxd5,-453,-437,False,False,0,0,Nxd5,middlegame,0.0,146.0,8,Latvian Gambit,1-0
oOW508JM,14,black,False,Rh6,437,392,False,False,45,0,Rf8,middlegame,12.0,155.0,8,Latvian Gambit,1-0
oOW508JM,15,white,True,f4,-392,-452,False,False,60,0,c4,middlegame,29.0,117.0,8,Latvian Gambit,1-0
oOW508JM,15,black,False,exf3,452,467,False,False,0,0,e3,middlegame,6.0,149.0,8,Latvian Gambit,1-0
oOW508JM,16,white,True,Qxf3,-467,-446,False,False,0,0,Qxf3,middlegame,7.0,110.0,8,Latvian Gambit,1-0
oOW508JM,16,black,False,Bh3,446,391,False,False,55,0,Bb7,middlegame,3.0,146.0,8,Latvian Gambit,1-0
oOW508JM,17,white,True,Rfe1,-391,-457,False,False,66,0,Rae1,middlegame,2.0,108.0,8,Latvian Gambit,1-0
oOW508JM,17,black,False,Qg6,457,-283,False,False,740,0,Qc6,middlegame,6.0,140.0,8,Latvian Gambit,1-0
oOW508JM,18,white,True,Nf4,283,283,False,False,0,1,Nf4,middlegame,17.0,91.0,8,Latvian Gambit,1-0
oOW508JM,18,black,False,Qxc2,-283,-10000,False,True,717,0,Rf8,middlegame,9.0,131.0,8,Latvian Gambit,1-0
oOW508JM,19,white,True,Nxh3,10000,-15,True,False,1015,1,Qxa8+,middlegame,5.0,86.0,8,Latvian Gambit,1-0
oOW508JM,19,black,False,Rxh3,15,-10000,False,True,1015,1,Rf8,middlegame,1.0,130.0,8,Latvian Gambit,1-0
oOW508JM,20,white,True,Re2,10000,477,True,False,523,1,Qxa8+,middlegame,12.0,74.0,8,Latvian Gambit,1-0
oOW508JM,20,black,False,Qg6,-477,-10000,False,True,523,1,Rf8,middlegame,5.0,125.0,8,Latvian Gambit,1-0
oOW508JM,21,white,True,Qxa8+,10000,10000,True,True,0,1,Qxa8+,middlegame,11.0,63.0,8,Latvian Gambit,1-0
ZBb5GrI0,1,white,False,d4,47,35,False,False,12,0,e4,opening,0.0,180.0,7,Englund Gambit: Hartlaub-Charlick Gambit,1-0
ZBb5GrI0,1,black,True,e5,-35,-132,False,False,97,0,Nf6,opening,0.0,180.0,7,Englund Gambit: Hartlaub-Charlick Gambit,1-0
ZBb5GrI0,2,white,False,dxe5,132,142,False,False,0,0,dxe5,opening,2.0,178.0,7,Englund Gambit: Hartlaub-Charlick Gambit,1-0
ZBb5GrI0,2,black,True,d6,-142,-138,False,False,0,0,Nc6,opening,0.0,180.0,7,Englund Gambit: Hartlaub-Charlick Gambit,1-0
ZBb5GrI0,3,white,False,Nf3,138,148,False,False,0,0,Nf3,opening,2.0,176.0,7,Englund Gambit: Hartlaub-Charlick Gambit,1-0
ZBb5GrI0,3,black,True,Nc6,-148,-139,False,False,0,0,Nc6,opening,1.0,179.0,7,Englund Gambit: Hartlaub-Charlick Gambit,1-0
ZBb5GrI0,4,white,False,Bf4,139,105,False,False,34,0,Bg5,opening,2.0,174.0,7,Englund Gambit: Hartlaub-Charlick Gambit,1-0
ZBb5GrI0,4,black,True,Bg4,-105,-104,False,False,0,0,Bg4,opening,2.0,177.0,7,Englund Gambit: Hartlaub-Charlick Gambit,1-0
ZBb5GrI0,5,white,False,Nbd2,104,96,False,False,8,0,exd6,opening,6.0,168.0,7,Englund Gambit: Hartlaub-Charlick Gambit,1-0
ZBb5GrI0,5,black,True,Qd7,-96,-113,False,False,17,0,dxe5,opening,11.0,166.0,7,Englund Gambit: Hartlaub-Charlick Gambit,1-0
ZBb5GrI0,6,white,False,h3,113,99,False,False,14,0,c3,opening,2.0,166.0,7,Englund Gambit: Hartlaub-Charlick Gambit,1-0
ZBb5GrI0,6,black,True,Bxf3,-99,-97,False,False,0,0,Bxf3,opening,2.0,164.0,7,Englund Gambit: Hartlaub-Charlick Gambit,1-0
ZBb5GrI0,7,white,False,Nxf3,97,93,False,False,4,0,Nxf3,opening,1.0,165.0,7,Englund Gambit: Hartlaub-Charlick Gambit,1-0
ZBb5GrI0,7,black,True,O-O-O,-93,-170,False,False,77,0,Qf5,opening,0.0,164.0,7,Englund Gambit: Hartlaub-Charlick Gambit,1-0
ZBb5GrI0,8,white,False,exd6,170,160,False,False,10,0,e3,opening,2.0,163.0,7,Englund Gambit: Hartlaub-Charlick Gambit,1-0
ZBb5GrI0,8,black,True,Bxd6,-160,-162,False,False,2,0,Bxd6,opening,0.0,164.0,7,Englund Gambit: Hartlaub-Charlick Gambit,1-0
ZBb5GrI0,9,white,False,Bxd6,162,168,False,False,0,0,Bxd6,opening,1.0,162.0,7,Englund Gambit: Hartlaub-Charlick Gambit,1-0
ZBb5GrI0,9,black,True,Qe6,-168,-169,False,False,1,0,Qe8,opening,6.0,158.0,7,Englund Gambit: Hartlaub-Charlick Gambit,1-0
ZBb5GrI0,10,white,False,Nd4,169,21,False,False,148,0,c3,opening,10.0,152.0,7,Englund Gambit: Hartlaub-Charlick Gambit,1-0
ZBb5GrI0,10,black,True,Nxd4,-21,-175,False,False,154,1,Qxd6,opening,1.0,157.0,7,Englund Gambit: Hartlaub-Charlick Gambit,1-0
ZBb5GrI0,11,white,False,Qxd4,175,177,False,False,0,1,Qxd4,middlegame,2.0,150.0,7,Englund Gambit: Hartlaub-Charlick Gambit,1-0
ZBb5GrI0,11,black,True,Rxd6,-177,-133,False,False,0,0,Qxd6,middlegame,0.0,157.0,7,Englund Gambit: Hartlaub-Charlick Gambit,1-0
ZBb5GrI0,12,white,False,Qxa7,133,29,False,False,104,0,Qg4,middlegame,9.0,141.0,7,Englund Gambit: Hartlaub-Charlick Gambit,1-0
ZBb5GrI0,12,black,True,Qd5,-29,-37,False,False,8,1,Qd5,middlegame,4.0,153.0,7,Englund Gambit: Hartlaub-Charlick Gambit,1-0
ZBb5GrI0,13,white,False,Qa8+,37,35,False,False,2,0,Qa8+,middlegame,24.0,117.0,7,Englund Gambit: Hartlaub-Charlick Gambit,1-0
ZBb5GrI0,13,black,True,Kd7,-35,-39,False,False,4,0,Kd7,middlegame,1.0,152.0,7,Englund Gambit: Hartlaub-Charlick Gambit,1-0
ZBb5GrI0,14,white,False,Qa4+,39,46,False,False,0,0,Qa4+,middlegame,2.0,115.0,7,Englund Gambit: Hartlaub-Charlick Gambit,1-0
ZBb5GrI0,14,black,True,b5,-46,-243,False,False,197,0,Kc8,middlegame,7.0,145.0,7,Englund Gambit: Hartlaub-Charlick Gambit,1-0
ZBb5GrI0,15,white,False,Qf4,243,181,False,False,62,1,Qb4,middlegame,3.0,112.0,7,Englund Gambit: Hartlaub-Charlick Gambit,1-0
ZBb5GrI0,15,black,True,g5,-181,-280,False,False,99,0,Nf6,middlegame,7.0,138.0,7,Englund Gambit: Hartlaub-Charlick Gambit,1-0
ZBb5GrI0,16,white,False,Qb4,280,284,False,False,0,0,Qb4,middlegame,14.0,98.0,7,Englund Gambit: Hartlaub-Charlick Gambit,1-0
ZBb5GrI0,16,black,True,Ne7,-284,-325,False,False,41,0,c5,middlegame,23.0,115.0,7,Englund Gambit: Hartlaub-Charlick Gambit,1-0
ZBb5GrI0,17,white,False,e4,325,332,False,False,0,0,e4,middlegame,2.0,96.0,7,Englund Gambit: Hartlaub-Charlick Gambit,1-0
ZBb5GrI0,17,black,True,Qc6,-332,-653,False,False,321,0,Nc6,middlegame,5.0,110.0,7,Englund Gambit: Hartlaub-Charlick Gambit,1-0
ZBb5GrI0,18,white,False,Bxb5,653,658,False,False,0,1,Bxb5,middlegame,3.0,93.0,7,Englund Gambit: Hartlaub-Charlick Gambit,1-0
bgimmUvv,1,white,True,e4,47,49,False,False,0,0,e4,opening,0.0,180.0,6,Scandinavian Defense: Portuguese Gambit,0-1
bgimmUvv,1,black,False,d5,-49,-67,False,False,18,0,c5,opening,0.0,180.0,6,Scandinavian Defense: Portuguese Gambit,0-1
bgimmUvv,2,white,True,exd5,67,65,False,False,2,0,exd5,opening,1.0,179.0,6,Scandinavian Defense: Portuguese Gambit,0-1
bgimmUvv,2,black,False,Nf6,-65,-68,False,False,3,0,Qxd5,opening,0.0,180.0,6,Scandinavian Defense: Portuguese Gambit,0-1
bgimmUvv,3,white,True,d4,68,72,False,False,0,0,d4,opening,1.0,178.0,6,Scandinavian Defense: Portuguese Gambit,0-1
bgimmUvv,3,black,False,Bg4,-72,-77,False,False,5,0,Nxd5,opening,1.0,179.0,6,Scandinavian Defense: Portuguese Gambit,0-1
bgimmUvv,4,white,True,f3,77,85,False,False,0,0,Bb5+,opening,2.0,176.0,6,Scandinavian Defense: Portuguese Gambit,0-1
bgimmUvv,4,black,False,Bf5,-85,-102,False,False,17,0,Bd7,opening,1.0,178.0,6,Scandinavian Defense: Portuguese Gambit,0-1
bgimmUvv,5,white,True,g4,102,114,False,False,0,0,g4,opening,26.0,150.0,6,Scandinavian Defense: Portuguese Gambit,0-1
bgimmUvv,5,black,False,Bg6,-114,-118,False,False,4,0,Bg6,opening,1.0,177.0,6,Scandinavian Defense: Portuguese Gambit,0-1
bgimmUvv,6,white,True,c4,118,119,False,False,0,0,c4,opening,1.0,149.0,6,Scandinavian Defense: Portuguese Gambit,0-1
bgimmUvv,6,black,False,e6,-119,-114,False,False,0,0,e6,opening,1.0,176.0,6,Scandinavian Defense: Portuguese Gambit,0-1
bgimmUvv,7,white,True,Nc3,114,126,False,False,0,0,Nc3,opening,2.0,147.0,6,Scandinavian Defense: Portuguese Gambit,0-1
bgimmUvv,7,black,False,exd5,-126,-114,False,False,0,0,exd5,opening,1.0,175.0,6,Scandinavian Defense: Portuguese Gambit,0-1
bgimmUvv,8,white,True,g5,114,105,False,False,9,0,g5,opening,1.0,146.0,6,Scandinavian Defense: Portuguese Gambit,0-1
bgimmUvv,8,black,False,Nh5,-105,-138,False,False,33,0,Nfd7,opening,0.0,175.0,6,Scandinavian Defense: Portuguese Gambit,0-1
bgimmUvv,9,white,True,f4,138,150,False,False,0,0,f4,opening,8.0,138.0,6,Scandinavian Defense: Portuguese Gambit,0-1
bgimmUvv,9,black,False,dxc4,-150,-143,False,False,0,0,Nc6,opening,2.0,173.0,6,Scandinavian Defense: Portuguese Gambit,0-1
bgimmUvv,10,white,True,f5,143,135,False,False,8,0,f5,opening,34.0,104.0,6,Scandinavian Defense: Portuguese Gambit,0-1
bgimmUvv,10,black,False,Bxf5,-135,-145,False,False,10,0,Bxf5,opening,1.0,172.0,6,Scandinavian Defense: Portuguese Gambit,0-1
bgimmUvv,11,white,True,Qxh5,145,159,False,False,0,0,Qxh5,opening,3.0,101.0,6,Scandinavian Defense: Portuguese Gambit,0-1
bgimmUvv,11,black,False,Qxd4,-159,-221,False,False,62,0,Nc6,opening,1.0,171.0,6,Scandinavian Defense: Portuguese Gambit,0-1
bgimmUvv,12,white,True,Qe2+,221,224,False,False,0,0,Qe2+,opening,6.0,95.0,6,Scandinavian Defense: Portuguese Gambit,0-1
bgimmUvv,12,black,False,Be7,-224,-216,False,False,0,0,Be7,opening,4.0,167.0,6,Scandinavian Defense: Portuguese Gambit,0-1
bgimmUvv,13,white,True,Nf3,216,238,False,False,0,0,Nf3,opening,1.0,94.0,6,Scandinavian Defense: Portuguese Gambit,0-1
bgimmUvv,13,black,False,Qd7,-238,-206,False,False,0,0,Qd6,opening,5.0,162.0,6,Scandinavian Defense: Portuguese Gambit,0-1
bgimmUvv,14,white,True,Ne5,206,193,False,False,13,0,Qxc4,opening,3.0,91.0,6,Scandinavian Defense: Portuguese Gambit,0-1
bgimmUvv,14,black,False,Qe6,-193,-210,False,False,17,0,Qe6,opening,6.0,156.0,6,Scandinavian Defense: Portuguese Gambit,0-1
bgimmUvv,15,white,True,Bf4,210,207,False,False,3,0,Bf4,opening,1.0,90.0,6,Scandinavian Defense: Portuguese Gambit,0-1
bgimmUvv,15,black,False,O-O,-207,-231,False,False,24,0,Nd7,opening,4.0,152.0,6,Scandinavian Defense: Portuguese Gambit,0-1
bgimmUvv,16,white,True,O-O-O,231,231,False,False,0,0,Qe3,opening,3.0,87.0,6,Scandinavian Defense: Portuguese Gambit,0-1
bgimmUvv,16,black,False,Nc6,-231,-265,False,False,34,0,Na6,opening,1.0,151.0,6,Scandinavian Defense: Portuguese Gambit,0-1
bgimmUvv,17,white,True,Nd5,265,108,False,False,157,0,Nxc6,opening,6.0,81.0,6,Scandinavian Defense: Portuguese Gambit,0-1
bgimmUvv,17,black,False,Bd6,-108,-123,False,False,15,1,Bxg5,opening,12.0,139.0,6,Scandinavian Defense: Portuguese Gambit,0-1
bgimmUvv,18,white,True,Nxc6,123,131,False,False,0,0,Nxc6,opening,6.0,75.0,6,Scandinavian Defense: Portuguese Gambit,0-1
bgimmUvv,18,black,False,Bxf4+,-131,-134,False,False,3,0,Bxf4+,opening,6.0,133.0,6,Scandinavian Defense: Portuguese Gambit,0-1
bgimmUvv,19,white,True,Nxf4,134,147,False,False,0,0,Nxf4,opening,3.0,72.0,6,Scandinavian Defense: Portuguese Gambit,0-1
bgimmUvv,19,black,False,Qxc6,-147,-141,False,False,0,0,Qxc6,middlegame,2.0,131.0,6,Scandinavian Defense: Portuguese Gambit,0-1
bgimmUvv,20,white,True,Bg2,141,146,False,False,0,0,Nd5,middlegame,3.0,69.0,6,Scandinavian Defense: Portuguese Gambit,0-1
bgimmUvv,20,black,False,Qa4,-146,-160,False,False,14,0,Qa4,middlegame,10.0,121.0,6,Scandinavian Defense: Portuguese Gambit,0-1
bgimmUvv,21,white,True,Rd5,160,160,False,False,0,0,Rd5,middlegame,11.0,58.0,6,Scandinavian Defense: Portuguese Gambit,0-1
bgimmUvv,21,black,False,Rfe8,-160,-140,False,False,0,0,Rfe8,middlegame,11.0,110.0,6,Scandinavian Defense: Portuguese Gambit,0-1
bgimmUvv,22,white,True,Qd1,140,191,False,False,0,0,Qd2,middlegame,2.0,56.0,6,Scandinavian Defense: Portuguese Gambit,0-1
bgimmUvv,22,black,False,Qxd1+,-191,-200,False,False,9,0,Qxa2,middlegame,7.0,103.0,6,Scandinavian Defense: Portuguese Gambit,0-1
bgimmUvv,23,white,True,Rhxd1,200,229,False,False,0,0,Rhxd1,middlegame,5.0,51.0,6,Scandinavian Defense: Portuguese Gambit,0-1
bgimmUvv,23,black,False,Bg4,-229,-227,False,False,0,0,Bg4,middlegame,1.0,102.0,6,Scandinavian Defense: Portuguese Gambit,0-1
bgimmUvv,24,white,True,R1d4,227,219,False,False,8,0,Rg1,middlegame,9.0,42.0,6,Scandinavian Defense: Portuguese Gambit,0-1
bgimmUvv,24,black,False,Re1+,-219,-228,False,False,9,0,c6,middlegame,2.0,100.0,6,Scandinavian Defense: Portuguese Gambit,0-1
bgimmUvv,25,white,True,Kd2,228,229,False,False,0,0,Kd2,middlegame,2.0,40.0,6,Scandinavian Defense: Portuguese Gambit,0-1
bgimmUvv,25,black,False,Rb1,-229,-10000,False,True,771,0,Rae8,middlegame,3.0,97.0,6,Scandinavian Defense: Portuguese Gambit,0-1
bgimmUvv,26,white,True,Kc3,10000,229,True,False,771,1,Rd8+,middlegame,2.0,38.0,6,Scandinavian Defense: Portuguese Gambit,0-1
bgimmUvv,26,black,False,g6,-229,-225,False,False,0,1,Rf8,middlegame,1.0,96.0,6,Scandinavian Defense: Portuguese Gambit,0-1
bgimmUvv,27,white,True,Rxc4,225,216,False,False,9,0,h3,middlegame,5.0,33.0,6,Scandinavian Defense: Portuguese Gambit,0-1
bgimmUvv,27,black,False,c6,-216,-220,False,False,4,0,c6,middlegame,9.0,87.0,6,Scandinavian Defense: Portuguese Gambit,0-1
bgimmUvv,28,white,True,Rd6,220,194,False,False,26,0,Rd2,middlegame,4.0,29.0,6,Scandinavian Defense: Portuguese Gambit,0-1
bgimmUvv,28,black,False,Re8,-194,-194,False,False,0,0,Re8,middlegame,2.0,85.0,6,Scandinavian Defense: Portuguese Gambit,0-1
bgimmUvv,29,white,True,Rcd4,194,96,False,False,98,0,Re4,middlegame,1.0,28.0,6,Scandinavian Defense: Portuguese Gambit,0-1
bgimmUvv,29,black,False,Re3+,-96,-96,False,False,0,0,Re3+,middlegame,1.0,84.0,6,Scandinavian Defense: Portuguese Gambit,0-1
bgimmUvv,30,white,True,Rd3,96,111,False,False,0,0,Rd3,middlegame,1.0,27.0,6,Scandinavian Defense: Portuguese Gambit,0-1
bgimmUvv,30,black,False,Re5,-111,-120,False,False,9,0,Re5,middlegame,2.0,82.0,6,Scandinavian Defense: Portuguese Gambit,0-1
bgimmUvv,31,white,True,Rd8+,120,104,False,False,16,0,h3,middlegame,1.0,26.0,6,Scandinavian Defense: Portuguese Gambit,0-1
bgimmUvv,31,black,False,Kg7,-104,-94,False,False,0,0,Kg7,middlegame,1.0,81.0,6,Scandinavian Defense: Portuguese Gambit,0-1
bgimmUvv,32,white,True,R8d4,94,-24,False,False,118,0,h3,middlegame,0.0,26.0,6,Scandinavian Defense: Portuguese Gambit,0-1
bgimmUvv,32,black,False,Rxg5,24,14,False,False,10,1,Rc5+,middlegame,1.0,80.0,6,Scandinavian Defense: Portuguese Gambit,0-1
bgimmUvv,33,white,True,h3,-14,-72,False,False,58,0,Kc2,middlegame,1.0,25.0,6,Scandinavian Defense: Portuguese Gambit,0-1
bgimmUvv,33,black,False,Bf5,72,24,False,False,48,0,Rc5+,middlegame,1.0,79.0,6,Scandinavian Defense: Portuguese Gambit,0-1
bgimmUvv,34,white,True,Be4,-24,-14,False,False,0,0,Be4,middlegame,3.0,22.0,6,Scandinavian Defense: Portuguese Gambit,0-1
bgimmUvv,34,black,False,Rc1+,14,-4,False,False,18,0,Bxe4,middlegame,3.0,76.0,6,Scandinavian Defense: Portuguese Gambit,0-1
bgimmUvv,35,white,True,Kd2,4,2,False,False,2,0,Kd2,middlegame,2.0,20.0,6,Scandinavian Defense: Portuguese Gambit,0-1
bgimmUvv,35,black,False,Bxe4,-2,-2,False,False,0,0,Bxe4,middlegame,1.0,75.0,6,Scandinavian Defense: Portuguese Gambit,0-1
bgimmUvv,36,white,True,Rxe4,2,-2,False,False,4,0,Kxc1,middlegame,0.0,20.0,6,Scandinavian Defense: Portuguese Gambit,0-1
bgimmUvv,36,black,False,Rh1,2,-52,False,False,54,0,Rgc5,endgame,2.0,73.0,6,Scandinavian Defense: Portuguese Gambit,0-1
bgimmUvv,37,white,True,Rd7,52,40,False,False,12,0,Rd7,endgame,3.0,17.0,6,Scandinavian Defense: Portuguese Gambit,0-1
bgimmUvv,37,black,False,Rf5,-40,-85,False,False,45,0,Rb5,endgame,2.0,71.0,6,Scandinavian Defense: Portuguese Gambit,0-1
bgimmUvv,38,white,True,Nd3,85,-13,False,False,98,0,h4,endgame,5.0,12.0,6,Scandinavian Defense: Portuguese Gambit,0-1
bgimmUvv,38,black,False,Rxh3,13,1,False,False,12,0,Rxh3,endgame,1.0,70.0,6,Scandinavian Defense: Portuguese Gambit,0-1
bgimmUvv,39,white,True,Ree7,-1,-48,False,False,47,0,Rxb7,endgame,0.0,12.0,6,Scandinavian Defense: Portuguese Gambit,0-1
bgimmUvv,39,black,False,Rh2+,48,27,False,False,21,0,h5,endgame,2.0,68.0,6,Scandinavian Defense: Portuguese Gambit,0-1
bgimmUvv,40,white,True,Kc3,-27,-96,False,False,69,0,Re2,endgame,1.0,11.0,6,Scandinavian Defense: Portuguese Gambit,0-1
bgimmUvv,40,black,False,Rh3,96,57,False,False,39,0,b6,endgame,1.0,67.0,6,Scandinavian Defense: Portuguese Gambit,0-1
bgimmUvv,41,white,True,Rxb7,-57,-43,False,False,0,0,Rxb7,endgame,1.0,10.0,6,Scandinavian Defense: Portuguese Gambit,0-1
bgimmUvv,41,black,False,h5,43,36,False,False,7,0,h5,endgame,2.0,65.0,6,Scandinavian Defense: Portuguese Gambit,0-1
bgimmUvv,42,white,True,Rbd7,-36,-114,False,False,78,0,Kd2,endgame,0.0,10.0,6,Scandinavian Defense: Portuguese Gambit,0-1
bgimmUvv,42,black,False,Rhf3,114,77,False,False,37,0,Rhf3,endgame,1.0,64.0,6,Scandinavian Defense: Portuguese Gambit,0-1
bgimmUvv,43,white,True,Rxa7,-77,-369,False,False,292,0,Kd2,endgame,3.0,7.0,6,Scandinavian Defense: Portuguese Gambit,0-1
bgimmUvv,43,black,False,h4,369,102,False,False,267,1,Rd5,endgame,1.0,63.0,6,Scandinavian Defense: Portuguese Gambit,0-1
bgimmUvv,44,white,True,Kd4,-102,-451,False,False,349,1,Ra4,endgame,1.0,6.0,6,Scandinavian Defense: Portuguese Gambit,0-1
bgimmUvv,44,black,False,Rd5+,451,434,False,False,17,1,Rd5+,endgame,1.0,62.0,6,Scandinavian Defense: Portuguese Gambit,0-1
bgimmUvv,45,white,True,Ke4,-434,-512,False,False,78,0,Kc4,endgame,1.0,5.0,6,Scandinavian Defense: Portuguese Gambit,0-1
bgimmUvv,45,black,False,Rdxd3,512,499,False,False,13,0,Rdxd3,endgame,0.0,62.0,6,Scandinavian Defense: Portuguese Gambit,0-1
bgimmUvv,46,white,True,a4,-499,-593,False,False,94,0,Rad7,endgame,2.0,3.0,6,Scandinavian Defense: Portuguese Gambit,0-1
bgimmUvv,46,black,False,Rde3+,593,448,False,False,145,0,h3,endgame,7.0,55.0,6,Scandinavian Defense: Portuguese Gambit,0-1
bgimmUvv,47,white,True,Kd4,-448,-483,False,False,35,1,Kd4,endgame,2.0,1.0,6,Scandinavian Defense: Portuguese Gambit,0-1
bgimmUvv,47,black,False,Rxe7,483,490,False,False,0,0,Rxe7,endgame,0.0,55.0,6,Scandinavian Defense: Portuguese Gambit,0-1
bgimmUvv,48,white,True,Rxe7,-490,-489,False,False,0,0,Rxe7,endgame,0.0,1.0,6,Scandinavian Defense: Portuguese Gambit,0-1
bgimmUvv,48,black,False,h3,489,457,False,False,32,0,Rb3,endgame,0.0,55.0,6,Scandinavian Defense: Portuguese Gambit,0-1
nJL3JFGH,1,white,False,e4,41,38,False,False,3,0,e4,opening,0.0,180.0,5,Scandinavian Defense: Modern Variation,0-1
nJL3JFGH,1,black,True,d5,-38,-75,False,False,37,0,c5,opening,0.0,180.0,5,Scandinavian Defense: Modern Variation,0-1
nJL3JFGH,2,white,False,exd5,75,78,False,False,0,0,exd5,opening,1.0,179.0,5,Scandinavian Defense: Modern Variation,0-1
nJL3JFGH,2,black,True,Nf6,-78,-84,False,False,6,0,Nf6,opening,0.0,180.0,5,Scandinavian Defense: Modern Variation,0-1
nJL3JFGH,3,white,False,Nc3,84,26,False,False,58,0,Nf3,opening,0.0,179.0,5,Scandinavian Defense: Modern Variation,0-1
nJL3JFGH,3,black,True,Nxd5,-26,-28,False,False,2,0,Nxd5,opening,1.0,179.0,5,Scandinavian Defense: Modern Variation,0-1
nJL3JFGH,4,white,False,d4,28,-2,False,False,30,0,Bc4,opening,1.0,178.0,5,Scandinavian Defense: Modern Variation,0-1
nJL3JFGH,4,black,True,Nc6,2,-41,False,False,43,0,Nxc3,opening,1.0,178.0,5,Scandinavian Defense: Modern Variation,0-1
nJL3JFGH,5,white,False,Nf3,41,46,False,False,0,0,Nf3,opening,1.0,177.0,5,Scandinavian Defense: Modern Variation,0-1
nJL3JFGH,5,black,True,Bg4,-46,-38,False,False,0,0,Bg4,opening,1.0,177.0,5,Scandinavian Defense: Modern Variation,0-1
nJL3JFGH,6,white,False,Be2,38,39,False,False,0,0,Be2,opening,1.0,176.0,5,Scandinavian Defense: Modern Variation,0-1
nJL3JFGH,6,black,True,e6,-39,-39,False,False,0,0,e6,opening,7.0,170.0,5,Scandinavian Defense: Modern Variation,0-1
nJL3JFGH,7,white,False,O-O,39,40,False,False,0,0,O-O,opening,1.0,175.0,5,Scandinavian Defense: Modern Variation,0-1
nJL3JFGH,7,black,True,Be7,-40,-50,False,False,10,0,Nxc3,opening,5.0,165.0,5,Scandinavian Defense: Modern Variation,0-1
nJL3JFGH,8,white,False,Re1,50,36,False,False,14,0,Ne4,opening,1.0,174.0,5,Scandinavian Defense: Modern Variation,0-1
nJL3JFGH,8,black,True,O-O,-36,-53,False,False,17,0,Nf6,opening,2.0,163.0,5,Scandinavian Defense: Modern Variation,0-1
nJL3JFGH,9,white,False,Ne4,53,51,False,False,2,0,Ne4,opening,1.0,173.0,5,Scandinavian Defense: Modern Variation,0-1
nJL3JFGH,9,black,True,Nf6,-51,-73,False,False,22,0,Bf5,opening,2.0,161.0,5,Scandinavian Defense: Modern Variation,0-1
nJL3JFGH,10,white,False,Ng3,73,-71,False,False,144,0,Nxf6+,opening,2.0,171.0,5,Scandinavian Defense: Modern Variation,0-1
nJL3JFGH,10,black,True,Bxf3,71,80,False,False,0,1,Bxf3,opening,32.0,129.0,5,Scandinavian Defense: Modern Variation,0-1
nJL3JFGH,11,white,False,Bxf3,-80,-68,False,False,0,0,Bxf3,opening,2.0,169.0,5,Scandinavian Defense: Modern Variation,0-1
nJL3JFGH,11,black,True,Qxd4,68,72,False,False,0,0,Qxd4,opening,0.0,129.0,5,Scandinavian Defense: Modern Variation,0-1
nJL3JFGH,12,white,False,Qxd4,-72,-109,False,False,37,0,Qe2,opening,5.0,164.0,5,Scandinavian Defense: Modern Variation,0-1
nJL3JFGH,12,black,True,Nxd4,109,109,False,False,0,0,Nxd4,middlegame,2.0,127.0,5,Scandinavian Defense: Modern Variation,0-1
nJL3JFGH,13,white,False,Bd1,-109,-117,False,False,8,0,Bd1,middlegame,1.0,163.0,5,Scandinavian Defense: Modern Variation,0-1
nJL3JFGH,13,black,True,Bd6,117,78,False,False,39,0,Rfd8,middlegame,17.0,110.0,5,Scandinavian Defense: Modern Variation,0-1
nJL3JFGH,14,white,False,c3,-78,-83,False,False,5,0,Ne4,middlegame,3.0,160.0,5,Scandinavian Defense: Modern Variation,0-1
nJL3JFGH,14,black,True,Nc6,83,94,False,False,0,0,Nc6,middlegame,3.0,107.0,5,Scandinavian Defense: Modern Variation,0-1
nJL3JFGH,15,white,False,Ne4,-94,-92,False,False,0,0,a4,middlegame,6.0,154.0,5,Scandinavian Defense: Modern Variation,0-1
nJL3JFGH,15,black,True,Be7,92,38,False,False,54,0,Nxe4,middlegame,23.0,84.0,5,Scandinavian Defense: Modern Variation,0-1
nJL3JFGH,16,white,False,b4,-38,-164,False,False,126,0,Nxf6+,middlegame,9.0,145.0,5,Scandinavian Defense: Modern Variation,0-1
nJL3JFGH,16,black,True,Rad8,164,142,False,False,22,1,Rfd8,middlegame,4.0,80.0,5,Scandinavian Defense: Modern Variation,0-1
nJL3JFGH,17,white,False,Bf3,-142,-136,False,False,0,0,Bf4,middlegame,14.0,131.0,5,Scandinavian Defense: Modern Variation,0-1
nJL3JFGH,17,black,True,Nxe4,136,88,False,False,48,0,Ne5,middlegame,6.0,74.0,5,Scandinavian Defense: Modern Variation,0-1
nJL3JFGH,18,white,False,Bxe4,-88,-192,False,False,104,0,Rxe4,middlegame,1.0,130.0,5,Scandinavian Defense: Modern Variation,0-1
nJL3JFGH,18,black,True,Bf6,192,211,False,False,0,1,Bf6,middlegame,0.0,74.0,5,Scandinavian Defense: Modern Variation,0-1
nJL3JFGH,19,white,False,Bxc6,-211,-383,False,False,172,0,Rb1,middlegame,10.0,120.0,5,Scandinavian Defense: Modern Variation,0-1
nJL3JFGH,19,black,True,bxc6,383,211,False,False,172,1,Bxc3,middlegame,0.0,74.0,5,Scandinavian Defense: Modern Variation,0-1
nJL3JFGH,20,white,False,Bb2,-211,-208,False,False,0,1,Rf1,middlegame,2.0,118.0,5,Scandinavian Defense: Modern Variation,0-1
nJL3JFGH,20,black,True,Rd2,208,204,False,False,4,0,Rd2,middlegame,1.0,73.0,5,Scandinavian Defense: Modern Variation,0-1
nJL3JFGH,21,white,False,Bc1,-204,-200,False,False,0,0,Bc1,middlegame,9.0,109.0,5,Scandinavian Defense: Modern Variation,0-1
nJL3JFGH,21,black,True,Rd3,200,208,False,False,0,0,Rd3,middlegame,17.0,56.0,5,Scandinavian Defense: Modern Variation,0-1
nJL3JFGH,22,white,False,Rb1,-208,-304,False,False,96,0,Bb2,middlegame,7.0,102.0,5,Scandinavian Defense: Modern Variation,0-1
nJL3JFGH,22,black,True,Bxc3,304,288,False,False,16,0,Bxc3,middlegame,2.0,54.0,5,Scandinavian Defense: Modern Variation,0-1
nJL3JFGH,23,white,False,Rf1,-288,-315,False,False,27,0,Rf1,middlegame,5.0,97.0,5,Scandinavian Defense: Modern Variation,0-1
nJL3JFGH,23,black,True,Rfd8,315,252,False,False,63,0,Rb8,middlegame,1.0,53.0,5,Scandinavian Defense: Modern Variation,0-1
nJL3JFGH,24,white,False,Be3,-252,-245,False,False,0,0,Be3,middlegame,3.0,94.0,5,Scandinavian Defense: Modern Variation,0-1
nJL3JFGH,24,black,True,a6,245,214,False,False,31,0,Bd2,middlegame,5.0,48.0,5,Scandinavian Defense: Modern Variation,0-1
nJL3JFGH,25,white,False,Rb3,-214,-282,False,False,68,0,g3,middlegame,9.0,85.0,5,Scandinavian Defense: Modern Variation,0-1
nJL3JFGH,25,black,True,Bd2,282,-217,False,False,499,0,Be5,middlegame,6.0,42.0,5,Scandinavian Defense: Modern Variation,0-1
nJL3JFGH,26,white,False,Rxd3,217,224,False,False,0,1,Rxd3,middlegame,5.0,80.0,5,Scandinavian Defense: Modern Variation,0-1
nJL3JFGH,26,black,True,Rxd3,-224,-242,False,False,18,0,Rxd3,endgame,0.0,42.0,5,Scandinavian Defense: Modern Variation,0-1
nJL3JFGH,27,white,False,Bc5,242,-282,False,False,524,0,Rd1,endgame,2.0,78.0,5,Scandinavian Defense: Modern Variation,0-1
nJL3JFGH,27,black,True,Ra3,282,290,False,False,0,1,f5,endgame,3.0,39.0,5,Scandinavian Defense: Modern Variation,0-1
nJL3JFGH,28,white,False,g3,-290,-363,False,False,73,0,Ra1,endgame,7.0,71.0,5,Scandinavian Defense: Modern Variation,0-1
nJL3JFGH,28,black,True,h6,363,298,False,False,65,0,Rxa2,endgame,3.0,36.0,5,Scandinavian Defense: Modern Variation,0-1
nJL3JFGH,29,white,False,Kg2,-298,-372,False,False,74,0,Ra1,endgame,1.0,70.0,5,Scandinavian Defense: Modern Variation,0-1
nJL3JFGH,29,black,True,Rxa2,372,371,False,False,1,0,Rxa2,endgame,2.0,34.0,5,Scandinavian Defense: Modern Variation,0-1
nJL3JFGH,30,white,False,Rb1,-371,-373,False,False,2,0,Rb1,endgame,5.0,65.0,5,Scandinavian Defense: Modern Variation,0-1
nJL3JFGH,30,black,True,Ra4,373,372,False,False,1,0,a5,endgame,2.0,32.0,5,Scandinavian Defense: Modern Variation,0-1
nJL3JFGH,31,white,False,Be7,-372,-358,False,False,0,0,Kf3,endgame,5.0,60.0,5,Scandinavian Defense: Modern Variation,0-1
nJL3JFGH,31,black,True,Kh7,358,329,False,False,29,0,Ra2,endgame,1.0,31.0,5,Scandinavian Defense: Modern Variation,0-1
nJL3JFGH,32,white,False,Rd1,-329,-408,False,False,79,0,Rb2,endgame,2.0,58.0,5,Scandinavian Defense: Modern Variation,0-1
nJL3JFGH,32,black,True,Bxb4,408,406,False,False,2,0,Bxb4,endgame,1.0,30.0,5,Scandinavian Defense: Modern Variation,0-1
nJL3JFGH,33,white,False,Rd4,-406,-427,False,False,21,0,Rd4,endgame,1.0,57.0,5,Scandinavian Defense: Modern Variation,0-1
nJL3JFGH,33,black,True,a5,427,423,False,False,4,0,a5,endgame,4.0,26.0,5,Scandinavian Defense: Modern Variation,0-1
nJL3JFGH,34,white,False,Bd8,-423,-508,False,False,85,0,Re4,endgame,7.0,50.0,5,Scandinavian Defense: Modern Variation,0-1
nJL3JFGH,34,black,True,c5,508,438,False,False,70,0,Ra2,endgame,1.0,25.0,5,Scandinavian Defense: Modern Variation,0-1
nJL3JFGH,35,white,False,Rd7,-438,-453,False,False,15,0,Rd7,endgame,6.0,44.0,5,Scandinavian Defense: Modern Variation,0-1
nJL3JFGH,35,black,True,c6,453,382,False,False,71,0,Kg8,endgame,1.0,24.0,5,Scandinavian Defense: Modern Variation,0-1
nJL3JFGH,36,white,False,Rxf7,-382,-408,False,False,26,0,Rxf7,endgame,3.0,41.0,5,Scandinavian Defense: Modern Variation,0-1
nJL3JFGH,36,black,True,Ra2,408,402,False,False,6,0,Ra2,endgame,1.0,23.0,5,Scandinavian Defense: Modern Variation,0-1
nJL3JFGH,37,white,False,Bf6,-402,-548,False,False,146,0,Rc7,endgame,3.0,38.0,5,Scandinavian Defense: Modern Variation,0-1
nJL3JFGH,37,black,True,Kg8,548,177,False,False,371,1,Kg6,endgame,5.0,18.0,5,Scandinavian Defense: Modern Variation,0-1
nJL3JFGH,38,white,False,Rxg7+,-177,-186,False,False,9,1,Rxg7+,endgame,3.0,35.0,5,Scandinavian Defense: Modern Variation,0-1
nJL3JFGH,38,black,True,Kf8,186,164,False,False,22,0,Kf8,endgame,0.0,18.0,5,Scandinavian Defense: Modern Variation,0-1
nJL3JFGH,39,white,False,Be5,-164,-260,False,False,96,0,Rc7,endgame,3.0,32.0,5,Scandinavian Defense: Modern Variation,0-1
nJL3JFGH,39,black,True,a4,260,187,False,False,73,0,Re2,endgame,0.0,18.0,5,Scandinavian Defense: Modern Variation,0-1
nJL3JFGH,40,white,False,h4,-187,-273,False,False,86,0,Ra7,endgame,10.0,22.0,5,Scandinavian Defense: Modern Variation,0-1
nJL3JFGH,40,black,True,a3,273,179,False,False,94,0,Re2,endgame,0.0,18.0,5,Scandinavian Defense: Modern Variation,0-1
nJL3JFGH,41,white,False,Rg6,-179,-363,False,False,184,0,Ra7,endgame,5.0,17.0,5,Scandinavian Defense: Modern Variation,0-1
nJL3JFGH,41,black,True,Rc2,363,204,False,False,159,1,Re2,endgame,1.0,17.0,5,Scandinavian Defense: Modern Variation,0-1
nJL3JFGH,42,white,False,Rxh6,-204,-201,False,False,0,1,Rxe6,endgame,7.0,10.0,5,Scandinavian Defense: Modern Variation,0-1
nJL3JFGH,42,black,True,Bc3,201,75,False,False,126,0,Re2,endgame,1.0,16.0,5,Scandinavian Defense: Modern Variation,0-1
nJL3JFGH,43,white,False,Bxc3,-75,-71,False,False,0,1,Rh8+,endgame,3.0,7.0,5,Scandinavian Defense: Modern Variation,0-1
nJL3JFGH,43,black,True,Rxc3,71,65,False,False,6,0,Rxc3,endgame,0.0,16.0,5,Scandinavian Defense: Modern Variation,0-1
nJL3JFGH,44,white,False,Rh8+,-65,-55,False,False,0,0,Rh8+,endgame,1.0,6.0,5,Scandinavian Defense: Modern Variation,0-1
nJL3JFGH,44,black,True,Ke7,55,8,False,False,47,0,Kf7,endgame,0.0,16.0,5,Scandinavian Defense: Modern Variation,0-1
nJL3JFGH,45,white,False,Ra8,-8,-4,False,False,0,0,h5,endgame,1.0,5.0,5,Scandinavian Defense: Modern Variation,0-1
nJL3JFGH,45,black,True,Kd6,4,-117,False,False,121,0,Kf6,endgame,0.0,16.0,5,Scandinavian Defense: Modern Variation,0-1
nJL3JFGH,46,white,False,h5,117,100,False,False,17,1,h5,endgame,1.0,4.0,5,Scandinavian Defense: Modern Variation,0-1
nJL3JFGH,46,black,True,Rb3,-100,-84,False,False,0,0,Rb3,endgame,3.0,13.0,5,Scandinavian Defense: Modern Variation,0-1
nJL3JFGH,47,white,False,h6,84,58,False,False,26,0,g4,endgame,2.0,2.0,5,Scandinavian Defense: Modern Variation,0-1
nJL3JFGH,47,black,True,Rb7,-58,-52,False,False,0,0,Rb7,endgame,4.0,9.0,5,Scandinavian Defense: Modern Variation,0-1
nJL3JFGH,48,white,False,Rxa3,52,-6,False,False,58,0,g4,endgame,2.0,0.0,5,Scandinavian Defense: Modern Variation,0-1
nJL3JFGH,48,black,True,Rh7,6,7,False,False,0,0,Rh7,endgame,0.0,9.0,5,Scandinavian Defense: Modern Variation,0-1
pIbl188a,1,white,True,e4,26,33,False,False,0,0,e4,opening,0.0,180.0,4,"Sicilian Defense: Nyezhmetdinov-Rossolimo Attack, Fianchetto Variation",0-1
pIbl188a,1,black,False,c5,-33,-47,False,False,14,0,e5,opening,0.0,180.0,4,"Sicilian Defense: Nyezhmetdinov-Rossolimo Attack, Fianchetto Variation",0-1
pIbl188a,2,white,True,Nf3,47,34,False,False,13,0,Nf3,opening,1.0,179.0,4,"Sicilian Defense: Nyezhmetdinov-Rossolimo Attack, Fianchetto Variation",0-1
pIbl188a,2,black,False,Nc6,-34,-47,False,False,13,0,d6,opening,1.0,179.0,4,"Sicilian Defense: Nyezhmetdinov-Rossolimo Attack, Fianchetto Variation",0-1
pIbl188a,3,white,True,Bb5,47,39,False,False,8,0,Bb5,opening,2.0,177.0,4,"Sicilian Defense: Nyezhmetdinov-Rossolimo Attack, Fianchetto Variation",0-1
pIbl188a,3,black,False,g6,-39,-39,False,False,0,0,g6,opening,1.0,178.0,4,"Sicilian Defense: Nyezhmetdinov-Rossolimo Attack, Fianchetto Variation",0-1
pIbl188a,4,white,True,h4,39,-27,False,False,66,0,O-O,opening,1.0,176.0,4,"Sicilian Defense: Nyezhmetdinov-Rossolimo Attack, Fianchetto Variation",0-1
pIbl188a,4,black,False,Bg7,27,4,False,False,23,0,Nf6,opening,2.0,176.0,4,"Sicilian Defense: Nyezhmetdinov-Rossolimo Attack, Fianchetto Variation",0-1
pIbl188a,5,white,True,h5,-4,-26,False,False,22,0,h5,opening,2.0,174.0,4,"Sicilian Defense: Nyezhmetdinov-Rossolimo Attack, Fianchetto Variation",0-1
pIbl188a,5,black,False,Nf6,26,-103,False,False,129,0,d6,opening,7.0,169.0,4,"Sicilian Defense: Nyezhmetdinov-Rossolimo Attack, Fianchetto Variation",0-1
pIbl188a,6,white,True,h6,103,108,False,False,0,1,h6,opening,3.0,171.0,4,"Sicilian Defense: Nyezhmetdinov-Rossolimo Attack, Fianchetto Variation",0-1
pIbl188a,6,black,False,Bf8,-108,-109,False,False,1,0,Bf8,opening,0.0,169.0,4,"Sicilian Defense: Nyezhmetdinov-Rossolimo Attack, Fianchetto Variation",0-1
pIbl188a,7,white,True,e5,109,112,False,False,0,0,Nc3,opening,1.0,170.0,4,"Sicilian Defense: Nyezhmetdinov-Rossolimo Attack, Fianchetto Variation",0-1
pIbl188a,7,black,False,Nd5,-112,-116,False,False,4,0,Ng4,opening,2.0,167.0,4,"Sicilian Defense: Nyezhmetdinov-Rossolimo Attack, Fianchetto Variation",0-1
pIbl188a,8,white,True,d4,116,-3,False,False,119,0,Nc3,opening,18.0,152.0,4,"Sicilian Defense: Nyezhmetdinov-Rossolimo Attack, Fianchetto Variation",0-1
pIbl188a,8,black,False,Qa5+,3,28,False,False,0,1,Qa5+,opening,1.0,166.0,4,"Sicilian Defense: Nyezhmetdinov-Rossolimo Attack, Fianchetto Variation",0-1
pIbl188a,9,white,True,Bd2,-28,-225,False,False,197,0,Nbd2,opening,45.0,107.0,4,"Sicilian Defense: Nyezhmetdinov-Rossolimo Attack, Fianchetto Variation",0-1
pIbl188a,9,black,False,Qxb5,225,228,False,False,0,1,Qxb5,opening,1.0,165.0,4,"Sicilian Defense: Nyezhmetdinov-Rossolimo Attack, Fianchetto Variation",0-1
pIbl188a,10,white,True,c4,-228,-352,False,False,124,0,Na3,opening,2.0,105.0,4,"Sicilian Defense: Nyezhmetdinov-Rossolimo Attack, Fianchetto Variation",0-1
pIbl188a,10,black,False,Qxc4,352,378,False,False,0,1,Qxc4,opening,11.0,154.0,4,"Sicilian Defense: Nyezhmetdinov-Rossolimo Attack, Fianchetto Variation",0-1
pIbl188a,11,white,True,b3,-378,-422,False,False,44,0,dxc5,opening,1.0,104.0,4,"Sicilian Defense: Nyezhmetdinov-Rossolimo Attack, Fianchetto Variation",0-1
pIbl188a,11,black,False,Qd3,422,432,False,False,0,0,Qd3,opening,4.0,150.0,4,"Sicilian Defense: Nyezhmetdinov-Rossolimo Attack, Fianchetto Variation",0-1
pIbl188a,12,white,True,dxc5,-432,-434,False,False,2,0,dxc5,opening,4.0,100.0,4,"Sicilian Defense: Nyezhmetdinov-Rossolimo Attack, Fianchetto Variation",0-1
pIbl188a,12,black,False,Qe4+,434,318,False,False,116,0,b5,opening,14.0,136.0,4,"Sicilian Defense: Nyezhmetdinov-Rossolimo Attack, Fianchetto Variation",0-1
pIbl188a,13,white,True,Kf1,-318,-327,False,False,9,1,Kf1,opening,4.0,96.0,4,"Sicilian Defense: Nyezhmetdinov-Rossolimo Attack, Fianchetto Variation",0-1
pIbl188a,13,black,False,Nxe5,327,315,False,False,12,0,Nd4,opening,4.0,132.0,4,"Sicilian Defense: Nyezhmetdinov-Rossolimo Attack, Fianchetto Variation",0-1
pIbl188a,14,white,True,Nxe5,-315,-356,False,False,41,0,Bc3,opening,3.0,93.0,4,"Sicilian Defense: Nyezhmetdinov-Rossolimo Attack, Fianchetto Variation",0-1
pIbl188a,14,black,False,Qxe5,356,341,False,False,15,0,Qxe5,opening,1.0,131.0,4,"Sicilian Defense: Nyezhmetdinov-Rossolimo Attack, Fianchetto Variation",0-1
pIbl188a,15,white,True,Bc3,-341,-538,False,False,197,0,Na3,opening,1.0,92.0,4,"Sicilian Defense: Nyezhmetdinov-Rossolimo Attack, Fianchetto Variation",0-1
pIbl188a,15,black,False,Nxc3,538,547,False,False,0,1,Nxc3,opening,3.0,128.0,4,"Sicilian Defense: Nyezhmetdinov-Rossolimo Attack, Fianchetto Variation",0-1
pIbl188a,16,white,True,Nxc3,-547,-567,False,False,20,0,Nxc3,middlegame,0.0,92.0,4,"Sicilian Defense: Nyezhmetdinov-Rossolimo Attack, Fianchetto Variation",0-1
pIbl188a,16,black,False,Qxc3,567,566,False,False,1,0,Qxc3,middlegame,2.0,126.0,4,"Sicilian Defense: Nyezhmetdinov-Rossolimo Attack, Fianchetto Variation",0-1
pIbl188a,17,white,True,Rc1,-566,-544,False,False,0,0,Rc1,middlegame,0.0,92.0,4,"Sicilian Defense: Nyezhmetdinov-Rossolimo Attack, Fianchetto Variation",0-1
pIbl188a,17,black,False,Qe5,544,575,False,False,0,0,Qf6,middlegame,7.0,119.0,4,"Sicilian Defense: Nyezhmetdinov-Rossolimo Attack, Fianchetto Variation",0-1
pIbl188a,18,white,True,f4,-575,-739,False,False,164,0,Qd3,middlegame,2.0,90.0,4,"Sicilian Defense: Nyezhmetdinov-Rossolimo Attack, Fianchetto Variation",0-1
pIbl188a,18,black,False,Qxf4+,739,751,False,False,0,1,Qxf4+,middlegame,2.0,117.0,4,"Sicilian Defense: Nyezhmetdinov-Rossolimo Attack, Fianchetto Variation",0-1
hJ4LZx8F,1,white,False,e4,26,25,False,False,1,0,e4,opening,0.0,180.0,3,Scandinavian Defense: Modern Variation,1-0
hJ4LZx8F,1,black,True,d5,-25,-66,False,False,41,0,e5,opening,0.0,180.0,3,Scandinavian Defense: Modern Variation,1-0
hJ4LZx8F,2,white,False,exd5,66,68,False,False,0,0,exd5,opening,1.0,179.0,3,Scandinavian Defense: Modern Variation,1-0
hJ4LZx8F,2,black,True,Nf6,-68,-68,False,False,0,0,Qxd5,opening,0.0,180.0,3,Scandinavian Defense: Modern Variation,1-0
hJ4LZx8F,3,white,False,Nf3,68,68,False,False,0,0,Nf3,opening,1.0,178.0,3,Scandinavian Defense: Modern Variation,1-0
hJ4LZx8F,3,black,True,Qxd5,-68,-72,False,False,4,0,Nxd5,opening,2.0,178.0,3,Scandinavian Defense: Modern Variation,1-0
hJ4LZx8F,4,white,False,d4,72,44,False,False,28,0,d4,opening,1.0,177.0,3,Scandinavian Defense: Modern Variation,1-0
hJ4LZx8F,4,black,True,Nc6,-44,-77,False,False,33,0,Bg4,opening,1.0,177.0,3,Scandinavian Defense: Modern Variation,1-0
hJ4LZx8F,5,white,False,Be2,77,53,False,False,24,0,Nc3,opening,0.0,177.0,3,Scandinavian Defense: Modern Variation,1-0
hJ4LZx8F,5,black,True,Bg4,-53,-43,False,False,0,0,Bg4,opening,1.0,176.0,3,Scandinavian Defense: Modern Variation,1-0
hJ4LZx8F,6,white,False,O-O,43,42,False,False,1,0,h3,opening,2.0,175.0,3,Scandinavian Defense: Modern Variation,1-0
hJ4LZx8F,6,black,True,O-O-O,-42,-50,False,False,8,0,O-O-O,opening,2.0,174.0,3,Scandinavian Defense: Modern Variation,1-0
hJ4LZx8F,7,white,False,c3,50,12,False,False,38,0,Be3,opening,1.0,174.0,3,Scandinavian Defense: Modern Variation,1-0
hJ4LZx8F,7,black,True,e5,-12,-30,False,False,18,0,e5,opening,2.0,172.0,3,Scandinavian Defense: Modern Variation,1-0
hJ4LZx8F,8,white,False,c4,30,42,False,False,0,0,c4,opening,2.0,172.0,3,Scandinavian Defense: Modern Variation,1-0
hJ4LZx8F,8,black,True,Qe4,-42,-57,False,False,15,0,Qd7,opening,2.0,170.0,3,Scandinavian Defense: Modern Variation,1-0
hJ4LZx8F,9,white,False,Nbd2,57,66,False,False,0,0,Nbd2,opening,2.0,170.0,3,Scandinavian Defense: Modern Variation,1-0
hJ4LZx8F,9,black,True,Qg6,-66,-77,False,False,11,0,Qf4,opening,2.0,168.0,3,Scandinavian Defense: Modern Variation,1-0
hJ4LZx8F,10,white,False,d5,77,57,False,False,20,0,Nxe5,opening,1.0,169.0,3,Scandinavian Defense: Modern Variation,1-0
hJ4LZx8F,10,black,True,Nd4,-57,-48,False,False,0,0,e4,opening,9.0,159.0,3,Scandinavian Defense: Modern Variation,1-0
hJ4LZx8F,11,white,False,Nxd4,48,48,False,False,0,0,Nxd4,opening,2.0,167.0,3,Scandinavian Defense: Modern Variation,1-0
hJ4LZx8F,11,black,True,exd4,-48,-45,False,False,0,0,exd4,opening,0.0,159.0,3,Scandinavian Defense: Modern Variation,1-0
hJ4LZx8F,12,white,False,Nf3,45,6,False,False,39,0,Bxg4+,opening,3.0,164.0,3,Scandinavian Defense: Modern Variation,1-0
hJ4LZx8F,12,black,True,Bc5,-6,-22,False,False,16,0,Re8,opening,9.0,150.0,3,Scandinavian Defense: Modern Variation,1-0
hJ4LZx8F,13,white,False,Kh1,22,-82,False,False,104,0,b4,opening,8.0,156.0,3,Scandinavian Defense: Modern Variation,1-0
hJ4LZx8F,13,black,True,h5,82,-63,False,False,145,1,Rhe8,opening,1.0,149.0,3,Scandinavian Defense: Modern Variation,1-0
hJ4LZx8F,14,white,False,a3,63,48,False,False,15,1,Bd3,opening,10.0,146.0,3,Scandinavian Defense: Modern Variation,1-0
hJ4LZx8F,14,black,True,h4,-48,-66,False,False,18,0,Ne4,opening,18.0,131.0,3,Scandinavian Defense: Modern Variation,1-0
hJ4LZx8F,15,white,False,h3,66,79,False,False,0,0,h3,opening,8.0,138.0,3,Scandinavian Defense: Modern Variation,1-0
hJ4LZx8F,15,black,True,Rde8,-79,-145,False,False,66,0,Bxf3,opening,15.0,116.0,3,Scandinavian Defense: Modern Variation,1-0
hJ4LZx8F,16,white,False,hxg4,145,184,False,False,0,0,hxg4,opening,14.0,124.0,3,Scandinavian Defense: Modern Variation,1-0
hJ4LZx8F,16,black,True,Nxg4,-184,-310,False,False,126,0,h3,opening,0.0,116.0,3,Scandinavian Defense: Modern Variation,1-0
hJ4LZx8F,17,white,False,Bd3,310,301,False,False,9,1,Ng5,opening,4.0,120.0,3,Scandinavian Defense: Modern Variation,1-0
hJ4LZx8F,17,black,True,Qh5,-301,-337,False,False,36,0,Nxf2+,opening,7.0,109.0,3,Scandinavian Defense: Modern Variation,1-0
hJ4LZx8F,18,white,False,b4,337,240,False,False,97,0,Bf4,opening,4.0,116.0,3,Scandinavian Defense: Modern Variation,1-0
hJ4LZx8F,18,black,True,h3,-240,-333,False,False,93,0,Bd6,opening,1.0,108.0,3,Scandinavian Defense: Modern Variation,1-0
hJ4LZx8F,19,white,False,g3,333,363,False,False,0,0,g3,opening,1.0,115.0,3,Scandinavian Defense: Modern Variation,1-0
hJ4LZx8F,19,black,True,Bd6,-363,-389,False,False,26,0,Bd6,opening,6.0,102.0,3,Scandinavian Defense: Modern Variation,1-0
hJ4LZx8F,20,white,False,Bb2,389,341,False,False,48,0,Ra2,opening,10.0,105.0,3,Scandinavian Defense: Modern Variation,1-0
hJ4LZx8F,20,black,True,Nxf2+,-341,-362,False,False,21,0,Nxf2+,opening,32.0,70.0,3,Scandinavian Defense: Modern Variation,1-0
hJ4LZx8F,21,white,False,Rxf2,362,362,False,False,0,0,Rxf2,opening,7.0,98.0,3,Scandinavian Defense: Modern Variation,1-0
hJ4LZx8F,21,black,True,Bxg3,-362,-366,False,False,4,0,Bxg3,middlegame,1.0,69.0,3,Scandinavian Defense: Modern Variation,1-0
hJ4LZx8F,22,white,False,Rf1,366,373,False,False,0,0,Rf1,middlegame,11.0,87.0,3,Scandinavian Defense: Modern Variation,1-0
hJ4LZx8F,22,black,True,Re3,-373,-447,False,False,74,0,Kb8,middlegame,18.0,51.0,3,Scandinavian Defense: Modern Variation,1-0
hJ4LZx8F,23,white,False,Nxd4,447,477,False,False,0,0,Bxd4,middlegame,4.0,83.0,3,Scandinavian Defense: Modern Variation,1-0
hJ4LZx8F,23,black,True,Qe5,-477,-594,False,False,117,0,Qg5,middlegame,14.0,37.0,3,Scandinavian Defense: Modern Variation,1-0
hJ4LZx8F,24,white,False,Qg4+,594,549,False,False,45,1,Bf5+,middlegame,4.0,79.0,3,Scandinavian Defense: Modern Variation,1-0
hJ4LZx8F,24,black,True,f5,-549,-669,False,False,120,0,Kb8,middlegame,7.0,30.0,3,Scandinavian Defense: Modern Variation,1-0
hJ4LZx8F,25,white,False,Rxf5,669,595,False,False,74,1,Nxf5,middlegame,8.0,71.0,3,Scandinavian Defense: Modern Variation,1-0
hJ4LZx8F,25,black,True,Re1+,-595,-721,False,False,126,0,Kb8,middlegame,6.0,24.0,3,Scandinavian Defense: Modern Variation,1-0
hJ4LZx8F,26,white,False,Rf1+,721,741,False,False,0,1,Rxe1,middlegame,3.0,68.0,3,Scandinavian Defense: Modern Variation,1-0
zKK8HEU1,1,white,True,e4,37,37,False,False,0,0,e4,opening,0.0,180.0,2,"Italian Game: Two Knights Defense, Knight Attack, Normal Variation",1-0
zKK8HEU1,1,black,False,e5,-37,-43,False,False,6,0,c6,opening,0.0,180.0,2,"Italian Game: Two Knights Defense, Knight Attack, Normal Variation",1-0
zKK8HEU1,2,white,True,Nf3,43,42,False,False,1,0,Nf3,opening,1.0,179.0,2,"Italian Game: Two Knights Defense, Knight Attack, Normal Variation",1-0
zKK8HEU1,2,black,False,Nc6,-42,-39,False,False,0,0,Nc6,opening,0.0,180.0,2,"Italian Game: Two Knights Defense, Knight Attack, Normal Variation",1-0
zKK8HEU1,3,white,True,Bc4,39,20,False,False,19,0,d4,opening,1.0,178.0,2,"Italian Game: Two Knights Defense, Knight Attack, Normal Variation",1-0
zKK8HEU1,3,black,False,Nf6,-20,-25,False,False,5,0,Bc5,opening,1.0,179.0,2,"Italian Game: Two Knights Defense, Knight Attack, Normal Variation",1-0
zKK8HEU1,4,white,True,Ng5,25,26,False,False,0,0,Ng5,opening,1.0,177.0,2,"Italian Game: Two Knights Defense, Knight Attack, Normal Variation",1-0
zKK8HEU1,4,black,False,d5,-26,-29,False,False,3,0,d5,opening,1.0,178.0,2,"Italian Game: Two Knights Defense, Knight Attack, Normal Variation",1-0
zKK8HEU1,5,white,True,exd5,29,26,False,False,3,0,exd5,opening,0.0,177.0,2,"Italian Game: Two Knights Defense, Knight Attack, Normal Variation",1-0
zKK8HEU1,5,black,False,b5,-26,-51,False,False,25,0,Na5,opening,1.0,177.0,2,"Italian Game: Two Knights Defense, Knight Attack, Normal Variation",1-0
zKK8HEU1,6,white,True,Bf1,51,61,False,False,0,0,Bf1,opening,2.0,175.0,2,"Italian Game: Two Knights Defense, Knight Attack, Normal Variation",1-0
zKK8HEU1,6,black,False,Nd4,-61,-71,False,False,10,0,Nd4,opening,1.0,176.0,2,"Italian Game: Two Knights Defense, Knight Attack, Normal Variation",1-0
zKK8HEU1,7,white,True,c3,71,63,False,False,8,0,c3,opening,6.0,169.0,2,"Italian Game: Two Knights Defense, Knight Attack, Normal Variation",1-0
zKK8HEU1,7,black,False,Nxd5,-63,-64,False,False,1,0,Nxd5,opening,3.0,173.0,2,"Italian Game: Two Knights Defense, Knight Attack, Normal Variation",1-0
zKK8HEU1,8,white,True,Nxf7,64,51,False,False,13,0,Nxf7,opening,4.0,165.0,2,"Italian Game: Two Knights Defense, Knight Attack, Normal Variation",1-0
zKK8HEU1,8,black,False,Kxf7,-51,-52,False,False,1,0,Kxf7,opening,1.0,172.0,2,"Italian Game: Two Knights Defense, Knight Attack, Normal Variation",1-0
zKK8HEU1,9,white,True,cxd4,52,57,False,False,0,0,cxd4,opening,4.0,161.0,2,"Italian Game: Two Knights Defense, Knight Attack, Normal Variation",1-0
zKK8HEU1,9,black,False,exd4,-57,-49,False,False,0,0,exd4,opening,7.0,165.0,2,"Italian Game: Two Knights Defense, Knight Attack, Normal Variation",1-0
zKK8HEU1,10,white,True,Bxb5,49,46,False,False,3,0,Bxb5,opening,5.0,156.0,2,"Italian Game: Two Knights Defense, Knight Attack, Normal Variation",1-0
zKK8HEU1,10,black,False,Qe7+,-46,-54,False,False,8,0,Qe7+,opening,9.0,156.0,2,"Italian Game: Two Knights Defense, Knight Attack, Normal Variation",1-0
zKK8HEU1,11,white,True,Qe2,54,-82,False,False,136,0,Kf1,opening,6.0,150.0,2,"Italian Game: Two Knights Defense, Knight Attack, Normal Variation",1-0
zKK8HEU1,11,black,False,Rb8,82,-8,False,False,90,1,Qxe2+,opening,9.0,147.0,2,"Italian Game: Two Knights Defense, Knight Attack, Normal Variation",1-0
zKK8HEU1,12,white,True,Bc4,8,19,False,False,0,0,Bc4,opening,2.0,148.0,2,"Italian Game: Two Knights Defense, Knight Attack, Normal Variation",1-0
zKK8HEU1,12,black,False,Qxe2+,-19,-6,False,False,0,0,Qxe2+,opening,2.0,145.0,2,"Italian Game: Two Knights Defense, Knight Attack, Normal Variation",1-0
zKK8HEU1,13,white,True,Bxe2,6,-118,False,False,124,0,Kxe2,middlegame,9.0,139.0,2,"Italian Game: Two Knights Defense, Knight Attack, Normal Variation",1-0
zKK8HEU1,13,black,False,Be6,118,78,False,False,40,1,Nf4,middlegame,1.0,144.0,2,"Italian Game: Two Knights Defense, Knight Attack, Normal Variation",1-0
zKK8HEU1,14,white,True,O-O,-78,-74,False,False,0,0,d3,middlegame,1.0,138.0,2,"Italian Game: Two Knights Defense, Knight Attack, Normal Variation",1-0
zKK8HEU1,14,black,False,Nf4,74,65,False,False,9,0,Nf4,middlegame,1.0,143.0,2,"Italian Game: Two Knights Defense, Knight Attack, Normal Variation",1-0
zKK8HEU1,15,white,True,Bf3,-65,-60,False,False,0,0,Bf3,middlegame,9.0,129.0,2,"Italian Game: Two Knights Defense, Knight Attack, Normal Variation",1-0
zKK8HEU1,15,black,False,Nd3,60,37,False,False,23,0,Bf5,middlegame,2.0,141.0,2,"Italian Game: Two Knights Defense, Knight Attack, Normal Variation",1-0
zKK8HEU1,16,white,True,Be4,-37,-48,False,False,11,0,Be4,middlegame,10.0,119.0,2,"Italian Game: Two Knights Defense, Knight Attack, Normal Variation",1-0
zKK8HEU1,16,black,False,Nxc1,48,-3,False,False,51,0,Nxb2,middlegame,3.0,138.0,2,"Italian Game: Two Knights Defense, Knight Attack, Normal Variation",1-0
zKK8HEU1,17,white,True,Rxc1,3,-3,False,False,6,0,Rxc1,middlegame,0.0,119.0,2,"Italian Game: Two Knights Defense, Knight Attack, Normal Variation",1-0
zKK8HEU1,17,black,False,Bd6,3,-98,False,False,101,0,Rxb2,middlegame,3.0,135.0,2,"Italian Game: Two Knights Defense, Knight Attack, Normal Variation",1-0
zKK8HEU1,18,white,True,d3,98,-118,False,False,216,1,b3,middlegame,4.0,115.0,2,"Italian Game: Two Knights Defense, Knight Attack, Normal Variation",1-0
zKK8HEU1,18,black,False,Rxb2,118,135,False,False,0,1,Rxb2,middlegame,1.0,134.0,2,"Italian Game: Two Knights Defense, Knight Attack, Normal Variation",1-0
zKK8HEU1,19,white,True,a4,-135,-142,False,False,7,0,a4,middlegame,32.0,83.0,2,"Italian Game: Two Knights Defense, Knight Attack, Normal Variation",1-0
zKK8HEU1,19,black,False,Rhb8,142,54,False,False,88,0,Ke7,middlegame,9.0,125.0,2,"Italian Game: Two Knights Defense, Knight Attack, Normal Variation",1-0
zKK8HEU1,20,white,True,g3,-54,-218,False,False,164,0,Na3,middlegame,10.0,73.0,2,"Italian Game: Two Knights Defense, Knight Attack, Normal Variation",1-0
zKK8HEU1,20,black,False,Bh3,218,71,False,False,147,1,R8b3,middlegame,12.0,113.0,2,"Italian Game: Two Knights Defense, Knight Attack, Normal Variation",1-0
zKK8HEU1,21,white,True,Bg2,-71,-304,False,False,233,1,Na3,middlegame,5.0,68.0,2,"Italian Game: Two Knights Defense, Knight Attack, Normal Variation",1-0
zKK8HEU1,21,black,False,Bf5,304,188,False,False,116,1,Bxg2,middlegame,3.0,110.0,2,"Italian Game: Two Knights Defense, Knight Attack, Normal Variation",1-0
zKK8HEU1,22,white,True,Be4,-188,-430,False,False,242,1,Na3,middlegame,1.0,67.0,2,"Italian Game: Two Knights Defense, Knight Attack, Normal Variation",1-0
zKK8HEU1,22,black,False,Bxe4,430,435,False,False,0,1,Bxe4,middlegame,2.0,108.0,2,"Italian Game: Two Knights Defense, Knight Attack, Normal Variation",1-0
zKK8HEU1,23,white,True,dxe4,-435,-453,False,False,18,0,dxe4,middlegame,0.0,67.0,2,"Italian Game: Two Knights Defense, Knight Attack, Normal Variation",1-0
zKK8HEU1,23,black,False,d3,453,244,False,False,209,0,R8b3,middlegame,7.0,101.0,2,"Italian Game: Two Knights Defense, Knight Attack, Normal Variation",1-0
zKK8HEU1,24,white,True,Nc3,-244,-347,False,False,103,1,Rd1,middlegame,7.0,60.0,2,"Italian Game: Two Knights Defense, Knight Attack, Normal Variation",1-0
zKK8HEU1,24,black,False,Bc5,347,293,False,False,54,1,Be5,middlegame,9.0,92.0,2,"Italian Game: Two Knights Defense, Knight Attack, Normal Variation",1-0
zKK8HEU1,25,white,True,Rf1,-293,-343,False,False,50,0,Ne2,middlegame,7.0,53.0,2,"Italian Game: Two Knights Defense, Knight Attack, Normal Variation",1-0
zKK8HEU1,25,black,False,Bd4,343,252,False,False,91,0,R8b3,middlegame,8.0,84.0,2,"Italian Game: Two Knights Defense, Knight Attack, Normal Variation",1-0
zKK8HEU1,26,white,True,Nb5,-252,-243,False,False,0,0,Nb5,middlegame,8.0,45.0,2,"Italian Game: Two Knights Defense, Knight Attack, Normal Variation",1-0
zKK8HEU1,26,black,False,R2xb5,243,215,False,False,28,0,Rd8,middlegame,20.0,64.0,2,"Italian Game: Two Knights Defense, Knight Attack, Normal Variation",1-0
zKK8HEU1,27,white,True,axb5,-215,-184,False,False,0,0,axb5,endgame,2.0,43.0,2,"Italian Game: Two Knights Defense, Knight Attack, Normal Variation",1-0
zKK8HEU1,27,black,False,Bxa1,184,214,False,False,0,0,Bxa1,endgame,6.0,58.0,2,"Italian Game: Two Knights Defense, Knight Attack, Normal Variation",1-0
zKK8HEU1,28,white,True,Rxa1,-214,-223,False,False,9,0,Rxa1,endgame,2.0,41.0,2,"Italian Game: Two Knights Defense, Knight Attack, Normal Variation",1-0
zKK8HEU1,28,black,False,Rxb5,223,222,False,False,1,0,Rxb5,endgame,1.0,57.0,2,"Italian Game: Two Knights Defense, Knight Attack, Normal Variation",1-0
zKK8HEU1,29,white,True,f4,-222,-220,False,False,0,0,Kg2,endgame,2.0,39.0,2,"Italian Game: Two Knights Defense, Knight Attack, Normal Variation",1-0
zKK8HEU1,29,black,False,Rb2,220,21,False,False,199,0,c5,endgame,2.0,55.0,2,"Italian Game: Two Knights Defense, Knight Attack, Normal Variation",1-0
zKK8HEU1,30,white,True,Rd1,-21,-20,False,False,0,1,Rd1,endgame,3.0,36.0,2,"Italian Game: Two Knights Defense, Knight Attack, Normal Variation",1-0
zKK8HEU1,30,black,False,d2,20,0,False,False,20,0,Re2,endgame,2.0,53.0,2,"Italian Game: Two Knights Defense, Knight Attack, Normal Variation",1-0
zKK8HEU1,31,white,True,Kf2,0,0,False,False,0,0,Kf2,endgame,1.0,35.0,2,"Italian Game: Two Knights Defense, Knight Attack, Normal Variation",1-0
zKK8HEU1,31,black,False,a5,0,0,False,False,0,0,a5,endgame,1.0,52.0,2,"Italian Game: Two Knights Defense, Knight Attack, Normal Variation",1-0
zKK8HEU1,32,white,True,Ke3,0,0,False,False,0,0,Ke3,endgame,4.0,31.0,2,"Italian Game: Two Knights Defense, Knight Attack, Normal Variation",1-0
zKK8HEU1,32,black,False,a4,0,-1,False,False,1,0,a4,endgame,1.0,51.0,2,"Italian Game: Two Knights Defense, Knight Attack, Normal Variation",1-0
zKK8HEU1,33,white,True,Rxd2,1,3,False,False,0,0,Rxd2,endgame,0.0,31.0,2,"Italian Game: Two Knights Defense, Knight Attack, Normal Variation",1-0
zKK8HEU1,33,black,False,a3,-3,-15,False,False,12,0,Rb3+,endgame,2.0,49.0,2,"Italian Game: Two Knights Defense, Knight Attack, Normal Variation",1-0
zKK8HEU1,34,white,True,Rd7+,15,12,False,False,3,0,Rd7+,endgame,5.0,26.0,2,"Italian Game: Two Knights Defense, Knight Attack, Normal Variation",1-0
zKK8HEU1,34,black,False,Kf6,-12,-17,False,False,5,0,Kf8,endgame,6.0,43.0,2,"Italian Game: Two Knights Defense, Knight Attack, Normal Variation",1-0
zKK8HEU1,35,white,True,Rxc7,17,12,False,False,5,0,Rxc7,endgame,1.0,25.0,2,"Italian Game: Two Knights Defense, Knight Attack, Normal Variation",1-0
zKK8HEU1,35,black,False,Rxh2,-12,-57,False,False,45,0,Rb3+,endgame,5.0,38.0,2,"Italian Game: Two Knights Defense, Knight Attack, Normal Variation",1-0
zKK8HEU1,36,white,True,e5+,57,44,False,False,13,0,e5+,endgame,2.0,23.0,2,"Italian Game: Two Knights Defense, Knight Attack, Normal Variation",1-0
zKK8HEU1,36,black,False,Ke6,-44,-30,False,False,0,0,Kg6,endgame,1.0,37.0,2,"Italian Game: Two Knights Defense, Knight Attack, Normal Variation",1-0
zKK8HEU1,37,white,True,Rxg7,30,23,False,False,7,0,Rxg7,endgame,3.0,20.0,2,"Italian Game: Two Knights Defense, Knight Attack, Normal Variation",1-0
zKK8HEU1,37,black,False,a2,-23,-15,False,False,0,0,a2,endgame,5.0,32.0,2,"Italian Game: Two Knights Defense, Knight Attack, Normal Variation",1-0
zKK8HEU1,38,white,True,Ra7,15,58,False,False,0,0,Ra7,endgame,2.0,18.0,2,"Italian Game: Two Knights Defense, Knight Attack, Normal Variation",1-0
zKK8HEU1,38,black,False,Kd5,-58,-321,False,False,263,0,h5,endgame,6.0,26.0,2,"Italian Game: Two Knights Defense, Knight Attack, Normal Variation",1-0
zKK8HEU1,39,white,True,Ra5+,321,352,False,False,0,1,Ra5+,endgame,3.0,15.0,2,"Italian Game: Two Knights Defense, Knight Attack, Normal Variation",1-0
zKK8HEU1,39,black,False,Kc4,-352,-438,False,False,86,0,Ke6,endgame,1.0,25.0,2,"Italian Game: Two Knights Defense, Knight Attack, Normal Variation",1-0
zKK8HEU1,40,white,True,e6,438,456,False,False,0,0,e6,endgame,1.0,14.0,2,"Italian Game: Two Knights Defense, Knight Attack, Normal Variation",1-0
zKK8HEU1,40,black,False,Kb4,-456,-538,False,False,82,0,Rb2,endgame,6.0,19.0,2,"Italian Game: Two Knights Defense, Knight Attack, Normal Variation",1-0
zKK8HEU1,41,white,True,Ra7,538,462,False,False,76,0,Ra8,endgame,2.0,12.0,2,"Italian Game: Two Knights Defense, Knight Attack, Normal Variation",1-0
zKK8HEU1,41,black,False,Kc5,-462,-717,False,False,255,0,Rc2,endgame,4.0,15.0,2,"Italian Game: Two Knights Defense, Knight Attack, Normal Variation",1-0
zKK8HEU1,42,white,True,e7,717,747,False,False,0,1,e7,endgame,1.0,11.0,2,"Italian Game: Two Knights Defense, Knight Attack, Normal Variation",1-0
zKK8HEU1,42,black,False,Rh1,-747,-849,False,False,102,0,Rh1,endgame,4.0,11.0,2,"Italian Game: Two Knights Defense, Knight Attack, Normal Variation",1-0
zKK8HEU1,43,white,True,Rxa2,849,896,False,False,0,1,Rxa2,endgame,4.0,7.0,2,"Italian Game: Two Knights Defense, Knight Attack, Normal Variation",1-0
geDe7mnO,1,white,False,g3,26,4,False,False,22,0,e4,opening,0.0,180.0,1,Hungarian Opening,1-0
geDe7mnO,1,black,True,d5,-4,-25,False,False,21,0,e5,opening,0.0,180.0,1,Hungarian Opening,1-0
geDe7mnO,2,white,False,Bg2,25,-31,False,False,56,0,Nf3,opening,1.0,179.0,1,Hungarian Opening,1-0
geDe7mnO,2,black,True,e5,31,29,False,False,2,0,e5,opening,0.0,180.0,1,Hungarian Opening,1-0
geDe7mnO,3,white,False,c4,-29,-26,False,False,0,0,d4,opening,1.0,178.0,1,Hungarian Opening,1-0
geDe7mnO,3,black,True,Nf6,26,-32,False,False,58,0,d4,opening,7.0,173.0,1,Hungarian Opening,1-0
geDe7mnO,4,white,False,cxd5,32,30,False,False,2,0,cxd5,opening,0.0,178.0,1,Hungarian Opening,1-0
geDe7mnO,4,black,True,Nxd5,-30,-28,False,False,0,0,Nxd5,opening,7.0,166.0,1,Hungarian Opening,1-0
geDe7mnO,5,white,False,Nc3,28,28,False,False,0,0,Nf3,opening,1.0,177.0,1,Hungarian Opening,1-0
geDe7mnO,5,black,True,Nf6,-28,-51,False,False,23,0,Nb6,opening,11.0,155.0,1,Hungarian Opening,1-0
geDe7mnO,6,white,False,d3,51,28,False,False,23,0,Nf3,opening,2.0,175.0,1,Hungarian Opening,1-0
geDe7mnO,6,black,True,Bc5,-28,-52,False,False,24,0,h6,opening,9.0,146.0,1,Hungarian Opening,1-0
geDe7mnO,7,white,False,Nf3,52,47,False,False,5,0,Nf3,opening,1.0,174.0,1,Hungarian Opening,1-0
geDe7mnO,7,black,True,Nc6,-47,-50,False,False,3,0,Nc6,opening,3.0,143.0,1,Hungarian Opening,1-0
geDe7mnO,8,white,False,O-O,50,39,False,False,11,0,a3,opening,2.0,172.0,1,Hungarian Opening,1-0
geDe7mnO,8,black,True,Bg4,-39,-78,False,False,39,0,h6,opening,3.0,140.0,1,Hungarian Opening,1-0
geDe7mnO,9,white,False,Bg5,78,80,False,False,0,0,Qa4,opening,2.0,170.0,1,Hungarian Opening,1-0
geDe7mnO,9,black,True,Qd7,-80,-100,False,False,20,0,Be7,opening,4.0,136.0,1,Hungarian Opening,1-0
geDe7mnO,10,white,False,Bxf6,100,66,False,False,34,0,Rc1,opening,2.0,168.0,1,Hungarian Opening,1-0
geDe7mnO,10,black,True,gxf6,-66,-69,False,False,3,0,gxf6,opening,1.0,135.0,1,Hungarian Opening,1-0
geDe7mnO,11,white,False,Ne4,69,50,False,False,19,0,Rb1,opening,0.0,168.0,1,Hungarian Opening,1-0
geDe7mnO,11,black,True,Be7,-50,-49,False,False,0,0,Be7,opening,5.0,130.0,1,Hungarian Opening,1-0
geDe7mnO,12,white,False,Qa4,49,20,False,False,29,0,Rc1,opening,17.0,151.0,1,Hungarian Opening,1-0
geDe7mnO,12,black,True,Bh3,-20,-134,False,False,114,0,O-O-O,opening,14.0,116.0,1,Hungarian Opening,1-0
geDe7mnO,13,white,False,Rac1,134,112,False,False,22,1,Bxh3,opening,12.0,139.0,1,Hungarian Opening,1-0
geDe7mnO,13,black,True,h5,-112,-252,False,False,140,0,Bg4,opening,5.0,111.0,1,Hungarian Opening,1-0
geDe7mnO,14,white,False,Nc5,252,120,False,False,132,1,Bxh3,opening,4.0,135.0,1,Hungarian Opening,1-0
geDe7mnO,14,black,True,Bxc5,-120,-120,False,False,0,1,Bxc5,opening,3.0,108.0,1,Hungarian Opening,1-0
geDe7mnO,15,white,False,Rxc5,120,120,False,False,0,0,Rxc5,opening,0.0,135.0,1,Hungarian Opening,1-0
geDe7mnO,15,black,True,Nd4,-120,-356,False,False,236,0,Bxg2,middlegame,31.0,77.0,1,Hungarian Opening,1-0
geDe7mnO,16,white,False,Qxd7+,356,372,False,False,0,1,Qxd7+,middlegame,4.0,131.0,1,Hungarian Opening,1-0
geDe7mnO,16,black,True,Bxd7,-372,-367,False,False,0,0,Bxd7,middlegame,5.0,72.0,1,Hungarian Opening,1-0
geDe7mnO,17,white,False,Nxd4,367,378,False,False,0,0,Nxd4,middlegame,0.0,131.0,1,Hungarian Opening,1-0
geDe7mnO,17,black,True,exd4,-378,-365,False,False,0,0,exd4,middlegame,0.0,72.0,1,Hungarian Opening,1-0
geDe7mnO,18,white,False,Rxc7,365,387,False,False,0,0,Rxc7,middlegame,3.0,128.0,1,Hungarian Opening,1-0
geDe7mnO,18,black,True,h4,-387,-396,False,False,9,0,Rb8,middlegame,2.0,70.0,1,Hungarian Opening,1-0
geDe7mnO,19,white,False,Rxb7,396,373,False,False,23,0,Rfc1,middlegame,8.0,120.0,1,Hungarian Opening,1-0
geDe7mnO,19,black,True,hxg3,-373,-442,False,False,69,0,Rc8,middlegame,5.0,65.0,1,Hungarian Opening,1-0
geDe7mnO,20,white,False,hxg3,442,395,False,False,47,0,fxg3,middlegame,5.0,115.0,1,Hungarian Opening,1-0
geDe7mnO,20,black,True,Bh3,-395,-495,False,False,100,0,Bg4,middlegame,11.0,54.0,1,Hungarian Opening,1-0
geDe7mnO,21,white,False,Rc1,495,432,False,False,63,1,Bxh3,middlegame,10.0,105.0,1,Hungarian Opening,1-0
geDe7mnO,21,black,True,Kf8,-432,-504,False,False,72,0,Be6,middlegame,16.0,38.0,1,Hungarian Opening,1-0
geDe7mnO,22,white,False,Rcc7,504,454,False,False,50,0,Bxh3,middlegame,6.0,99.0,1,Hungarian Opening,1-0
geDe7mnO,22,black,True,Be6,-454,-451,False,False,0,0,Be6,middlegame,2.0,36.0,1,Hungarian Opening,1-0
geDe7mnO,23,white,False,Rxa7,451,467,False,False,0,0,Rxa7,middlegame,2.0,97.0,1,Hungarian Opening,1-0
geDe7mnO,23,black,True,Rb8,-467,-476,False,False,9,0,Rb8,middlegame,2.0,34.0,1,Hungarian Opening,1-0
geDe7mnO,24,white,False,b3,476,444,False,False,32,0,Rab7,middlegame,7.0,90.0,1,Hungarian Opening,1-0
geDe7mnO,24,black,True,Rb5,-444,-502,False,False,58,0,Kg7,middlegame,1.0,33.0,1,Hungarian Opening,1-0
geDe7mnO,25,white,False,Ra8+,502,481,False,False,21,0,Ra8+,middlegame,3.0,87.0,1,Hungarian Opening,1-0
geDe7mnO,25,black,True,Kg7,-481,-480,False,False,0,0,Kg7,middlegame,1.0,32.0,1,Hungarian Opening,1-0
geDe7mnO,26,white,False,Rxh8,480,478,False,False,2,0,Rxh8,middlegame,1.0,86.0,1,Hungarian Opening,1-0
geDe7mnO,26,black,True,Kxh8,-478,-474,False,False,0,0,Kxh8,endgame,0.0,32.0,1,Hungarian Opening,1-0
geDe7mnO,27,white,False,Be4,474,443,False,False,31,0,f4,endgame,8.0,78.0,1,Hungarian Opening,1-0
geDe7mnO,27,black,True,f5,-443,-468,False,False,25,0,Kg7,endgame,2.0,30.0,1,Hungarian Opening,1-0
geDe7mnO,28,white,False,Bf3,468,475,False,False,0,0,Bf3,endgame,4.0,74.0,1,Hungarian Opening,1-0
geDe7mnO,28,black,True,Ra5,-475,-487,False,False,12,0,Kg7,endgame,2.0,28.0,1,Hungarian Opening,1-0
geDe7mnO,29,white,False,b4,487,497,False,False,0,0,Rc2,endgame,10.0,64.0,1,Hungarian Opening,1-0
geDe7mnO,29,black,True,Rxa2,-497,-500,False,False,3,0,Rxa2,endgame,2.0,26.0,1,Hungarian Opening,1-0
geDe7mnO,30,white,False,b5,500,476,False,False,24,0,b5,endgame,0.0,64.0,1,Hungarian Opening,1-0
geDe7mnO,30,black,True,Ra1+,-476,-506,False,False,30,0,Rb2,endgame,8.0,18.0,1,Hungarian Opening,1-0
geDe7mnO,31,white,False,Kg2,506,505,False,False,1,0,Kg2,endgame,1.0,63.0,1,Hungarian Opening,1-0
geDe7mnO,31,black,True,Ra5,-505,-634,False,False,129,0,Rb1,endgame,9.0,9.0,1,Hungarian Opening,1-0
geDe7mnO,32,white,False,b6,634,656,False,False,0,1,b6,endgame,4.0,59.0,1,Hungarian Opening,1-0
geDe7mnO,32,black,True,Rb5,-656,-656,False,False,0,0,Kg7,endgame,0.0,9.0,1,Hungarian Opening,1-0
geDe7mnO,33,white,False,b7,656,669,False,False,0,0,b7,endgame,1.0,58.0,1,Hungarian Opening,1-0
geDe7mnO,33,black,True,Kg7,-669,-674,False,False,5,0,Kg7,endgame,2.0,7.0,1,Hungarian Opening,1-0
geDe7mnO,34,white,False,Rc8,674,688,False,False,0,0,Rc8,endgame,18.0,40.0,1,Hungarian Opening,1-0
geDe7mnO,34,black,True,Rxb7,-688,-691,False,False,3,0,Kf6,endgame,3.0,4.0,1,Hungarian Opening,1-0
geDe7mnO,35,white,False,Bxb7,691,687,False,False,4,0,Bxb7,endgame,1.0,39.0,1,Hungarian Opening,1-0
geDe7mnO,35,black,True,Bxc8,-687,-716,False,False,29,0,Bb3,endgame,1.0,3.0,1,Hungarian Opening,1-0
geDe7mnO,36,white,False,Bxc8,716,764,False,False,0,0,Bxc8,endgame,0.0,39.0,1,Hungarian Opening,1-0
geDe7mnO,36,black,True,Kf6,-764,-789,False,False,25,0,Kf6,endgame,0.0,3.0,1,Hungarian Opening,1-0
geDe7mnO,37,white,False,Kf3,789,796,False,False,0,0,Kf3,endgame,1.0,38.0,1,Hungarian Opening,1-0
geDe7mnO,37,black,True,Ke5,-796,-917,False,False,121,0,Kg5,endgame,0.0,3.0,1,Hungarian Opening,1-0
geDe7mnO,38,white,False,e3,917,690,False,False,227,1,Ba6,endgame,3.0,35.0,1,Hungarian Opening,1-0
geDe7mnO,38,black,True,f6,-690,-790,False,False,100,1,f6,endgame,0.0,3.0,1,Hungarian Opening,1-0
geDe7mnO,39,white,False,exd4+,790,991,False,False,0,1,Ba6,endgame,2.0,33.0,1,Hungarian Opening,1-0
geDe7mnO,39,black,True,Kxd4,-991,-727,False,False,0,1,Kd6,endgame,0.0,3.0,1,Hungarian Opening,1-0
geDe7mnO,40,white,False,Kf4,727,902,False,False,0,1,Ba6,endgame,1.0,32.0,1,Hungarian Opening,1-0
geDe7mnO,40,black,True,Kxd3,-902,-1277,False,False,98,1,Kxd3,endgame,0.0,3.0,1,Hungarian Opening,1-0
geDe7mnO,41,white,False,Kxf5,1277,6872,False,True,0,0,Ba6+,endgame,0.0,32.0,1,Hungarian Opening,1-0
geDe7mnO,41,black,True,Ke2,-6872,-10000,True,True,0,0,Ke2,endgame,0.0,3.0,1,Hungarian Opening,1-0
geDe7mnO,42,white,False,Kxf6,10000,1059,True,False,0,0,g4,endgame,1.0,31.0,1,Hungarian Opening,1-0
geDe7mnO,42,black,True,Kxf2,-1059,-8115,False,True,0,0,Kf3,endgame,0.0,3.0,1,Hungarian Opening,1-0
geDe7mnO,43,white,False,g4,8115,10000,True,True,0,0,g4,endgame,0.0,31.0,1,Hungarian Opening,1-0
geDe7mnO,43,black,True,Kg3,-10000,-10000,True,True,0,0,Kg3,endgame,0.0,3.0,1,Hungarian Opening,1-0
geDe7mnO,44,white,False,g5,10000,10000,True,True,0,0,g5,endgame,0.0,31.0,1,Hungarian Opening,1-0
geDe7mnO,44,black,True,Kf4,-10000,-10000,True,True,0,0,Kf2,endgame,1.0,2.0,1,Hungarian Opening,1-0
geDe7mnO,45,white,False,g6,10000,10000,True,True,0,0,g6,endgame,0.0,31.0,1,Hungarian Opening,1-0
MSYU402A,1,white,False,e4,39,35,False,False,4,0,e4,opening,0.0,180.0,4,Scandinavian Defense,0-1
MSYU402A,1,black,True,d5,-35,-75,False,False,40,0,c5,opening,0.0,180.0,4,Scandinavian Defense,0-1
MSYU402A,2,white,False,Nc3,75,-34,False,False,109,0,exd5,opening,0.0,180.0,4,Scandinavian Defense,0-1
MSYU402A,2,black,True,dxe4,34,-9,False,False,43,1,d4,opening,1.0,179.0,4,Scandinavian Defense,0-1
MSYU402A,3,white,False,Nxe4,9,19,False,False,0,0,Nxe4,opening,0.0,180.0,4,Scandinavian Defense,0-1
MSYU402A,3,black,True,Nf6,-19,-20,False,False,1,0,Nf6,opening,1.0,178.0,4,Scandinavian Defense,0-1
MSYU402A,4,white,False,Nxf6+,20,18,False,False,2,0,Nxf6+,opening,1.0,179.0,4,Scandinavian Defense,0-1
MSYU402A,4,black,True,gxf6,-18,-29,False,False,11,0,exf6,opening,1.0,177.0,4,Scandinavian Defense,0-1
MSYU402A,5,white,False,g3,29,-41,False,False,70,0,d4,opening,0.0,179.0,4,Scandinavian Defense,0-1
MSYU402A,5,black,True,e5,41,32,False,False,9,0,Nc6,opening,0.0,177.0,4,Scandinavian Defense,0-1
MSYU402A,6,white,False,Bg2,-32,-18,False,False,0,0,Bg2,opening,0.0,179.0,4,Scandinavian Defense,0-1
MSYU402A,6,black,True,Nc6,18,20,False,False,0,0,Nc6,opening,2.0,175.0,4,Scandinavian Defense,0-1
MSYU402A,7,white,False,Ne2,-20,-22,False,False,2,0,Ne2,opening,1.0,178.0,4,Scandinavian Defense,0-1
MSYU402A,7,black,True,Bd7,22,-68,False,False,90,0,h5,opening,2.0,173.0,4,Scandinavian Defense,0-1
MSYU402A,8,white,False,O-O,68,54,False,False,14,0,d4,opening,1.0,177.0,4,Scandinavian Defense,0-1
MSYU402A,8,black,True,h5,-54,-62,False,False,8,0,h5,opening,0.0,173.0,4,Scandinavian Defense,0-1
MSYU402A,9,white,False,h3,62,-151,False,False,213,0,d4,opening,1.0,176.0,4,Scandinavian Defense,0-1
MSYU402A,9,black,True,Qe7,151,-54,False,False,205,1,h4,opening,3.0,170.0,4,Scandinavian Defense,0-1
MSYU402A,10,white,False,d4,54,40,False,False,14,1,d4,opening,2.0,174.0,4,Scandinavian Defense,0-1
MSYU402A,10,black,True,O-O-O,-40,-5,False,False,0,0,h4,opening,4.0,166.0,4,Scandinavian Defense,0-1
MSYU402A,11,white,False,d5,5,15,False,False,0,0,d5,opening,1.0,173.0,4,Scandinavian Defense,0-1
MSYU402A,11,black,True,Nb8,-15,-14,False,False,0,0,Nb8,opening,5.0,161.0,4,Scandinavian Defense,0-1
MSYU402A,12,white,False,c4,14,-34,False,False,48,0,Be3,opening,3.0,170.0,4,Scandinavian Defense,0-1
MSYU402A,12,black,True,Bh6,34,-141,False,False,175,0,h4,opening,5.0,156.0,4,Scandinavian Defense,0-1
MSYU402A,13,white,False,Qa4,141,-566,False,False,707,1,Qb3,opening,7.0,163.0,4,Scandinavian Defense,0-1
MSYU402A,13,black,True,Bxa4,566,542,False,False,24,1,Bxa4,opening,7.0,149.0,4,Scandinavian Defense,0-1
92NP7FSU,1,white,True,e4,37,39,False,False,0,0,e4,opening,0.0,180.0,3,Sicilian Defense: Chekhover Variation,1-0
92NP7FSU,1,black,False,c5,-39,-30,False,False,0,0,c5,opening,0.0,180.0,3,Sicilian Defense: Chekhover Variation,1-0
92NP7FSU,2,white,True,Nf3,30,44,False,False,0,0,Nf3,opening,1.0,179.0,3,Sicilian Defense: Chekhover Variation,1-0
92NP7FSU,2,black,False,d6,-44,-53,False,False,9,0,Nc6,opening,1.0,179.0,3,Sicilian Defense: Chekhover Variation,1-0
92NP7FSU,3,white,True,d4,53,52,False,False,1,0,d4,opening,2.0,177.0,3,Sicilian Defense: Chekhover Variation,1-0
92NP7FSU,3,black,False,cxd4,-52,-36,False,False,0,0,cxd4,opening,1.0,178.0,3,Sicilian Defense: Chekhover Variation,1-0
92NP7FSU,4,white,True,Qxd4,36,9,False,False,27,0,Nxd4,opening,0.0,177.0,3,Sicilian Defense: Chekhover Variation,1-0
92NP7FSU,4,black,False,Nc6,-9,-27,False,False,18,0,Nc6,opening,2.0,176.0,3,Sicilian Defense: Chekhover Variation,1-0
92NP7FSU,5,white,True,Bb5,27,22,False,False,5,0,Bb5,opening,2.0,175.0,3,Sicilian Defense: Chekhover Variation,1-0
92NP7FSU,5,black,False,Bd7,-22,-32,False,False,10,0,a6,opening,1.0,175.0,3,Sicilian Defense: Chekhover Variation,1-0
92NP7FSU,6,white,True,Bxc6,32,11,False,False,21,0,Qd3,opening,1.0,174.0,3,Sicilian Defense: Chekhover Variation,1-0
92NP7FSU,6,black,False,Bxc6,-11,-17,False,False,6,0,Bxc6,opening,0.0,175.0,3,Sicilian Defense: Chekhover Variation,1-0
92NP7FSU,7,white,True,Nc3,17,11,False,False,6,0,Nc3,opening,1.0,173.0,3,Sicilian Defense: Chekhover Variation,1-0
92NP7FSU,7,black,False,Nf6,-11,-6,False,False,0,0,Nf6,opening,1.0,174.0,3,Sicilian Defense: Chekhover Variation,1-0
92NP7FSU,8,white,True,Bg5,6,5,False,False,1,0,Bg5,opening,1.0,172.0,3,Sicilian Defense: Chekhover Variation,1-0
92NP7FSU,8,black,False,Qb6,-5,-29,False,False,24,0,e6,opening,3.0,171.0,3,Sicilian Defense: Chekhover Variation,1-0
92NP7FSU,9,white,True,Qd3,29,31,False,False,0,0,Qd3,opening,32.0,140.0,3,Sicilian Defense: Chekhover Variation,1-0
92NP7FSU,9,black,False,Ng4,-31,-49,False,False,18,0,Qa6,opening,4.0,167.0,3,Sicilian Defense: Chekhover Variation,1-0
92NP7FSU,10,white,True,O-O,49,32,False,False,17,0,O-O,opening,7.0,133.0,3,Sicilian Defense: Chekhover Variation,1-0
92NP7FSU,10,black,False,h6,-32,-31,False,False,0,0,h6,opening,2.0,165.0,3,Sicilian Defense: Chekhover Variation,1-0
92NP7FSU,11,white,True,Bd2,31,10,False,False,21,0,Bf4,opening,11.0,122.0,3,Sicilian Defense: Chekhover Variation,1-0
92NP7FSU,11,black,False,e6,-10,-11,False,False,1,0,e6,opening,13.0,152.0,3,Sicilian Defense: Chekhover Variation,1-0
92NP7FSU,12,white,True,h3,11,5,False,False,6,0,h3,opening,1.0,121.0,3,Sicilian Defense: Chekhover Variation,1-0
92NP7FSU,12,black,False,Nf6,-5,-3,False,False,0,0,Nf6,opening,3.0,149.0,3,Sicilian Defense: Chekhover Variation,1-0
92NP7FSU,13,white,True,Rfe1,3,-18,False,False,21,0,Be3,opening,21.0,100.0,3,Sicilian Defense: Chekhover Variation,1-0
92NP7FSU,13,black,False,Be7,18,19,False,False,0,0,Be7,opening,2.0,147.0,3,Sicilian Defense: Chekhover Variation,1-0
92NP7FSU,14,white,True,e5,-19,-117,False,False,98,0,Nd4,opening,13.0,87.0,3,Sicilian Defense: Chekhover Variation,1-0
92NP7FSU,14,black,False,dxe5,117,115,False,False,2,0,dxe5,opening,10.0,137.0,3,Sicilian Defense: Chekhover Variation,1-0
92NP7FSU,15,white,True,Nxe5,-115,-116,False,False,1,0,Nxe5,opening,0.0,87.0,3,Sicilian Defense: Chekhover Variation,1-0
92NP7FSU,15,black,False,O-O,116,37,False,False,79,0,Rd8,opening,1.0,136.0,3,Sicilian Defense: Chekhover Variation,1-0
92NP7FSU,16,white,True,Qg3,-37,-67,False,False,30,0,Be3,opening,9.0,78.0,3,Sicilian Defense: Chekhover Variation,1-0
92NP7FSU,16,black,False,Rad8,67,-44,False,False,111,0,Nh5,opening,6.0,130.0,3,Sicilian Defense: Chekhover Variation,1-0
92NP7FSU,17,white,True,Bxh6,44,41,False,False,3,1,Nxc6,opening,2.0,76.0,3,Sicilian Defense: Chekhover Variation,1-0
92NP7FSU,17,black,False,Ne8,-41,-117,False,False,76,0,Nh5,opening,3.0,127.0,3,Sicilian Defense: Chekhover Variation,1-0
92NP7FSU,18,white,True,Ne4,117,-74,False,False,191,0,Rab1,opening,16.0,60.0,3,Sicilian Defense: Chekhover Variation,1-0
92NP7FSU,18,black,False,Bxe4,74,90,False,False,0,1,Bxe4,opening,3.0,124.0,3,Sicilian Defense: Chekhover Variation,1-0
92NP7FSU,19,white,True,Rxe4,-90,-78,False,False,0,0,Rxe4,opening,0.0,60.0,3,Sicilian Defense: Chekhover Variation,1-0
92NP7FSU,19,black,False,Bf6,78,-52,False,False,130,0,Qxb2,middlegame,4.0,120.0,3,Sicilian Defense: Chekhover Variation,1-0
92NP7FSU,20,white,True,Ng4,52,28,False,False,24,1,Rae1,middlegame,21.0,39.0,3,Sicilian Defense: Chekhover Variation,1-0
92NP7FSU,20,black,False,Bxb2,-28,-131,False,False,103,0,Be7,middlegame,20.0,100.0,3,Sicilian Defense: Chekhover Variation,1-0
92NP7FSU,21,white,True,Rae1,131,28,False,False,103,1,c3,middlegame,1.0,38.0,3,Sicilian Defense: Chekhover Variation,1-0
92NP7FSU,21,black,False,gxh6,-28,-488,False,False,460,1,Qa5,middlegame,23.0,77.0,3,Sicilian Defense: Chekhover Variation,1-0
92NP7FSU,22,white,True,Nxh6+,488,499,False,False,0,1,Nxh6+,middlegame,10.0,28.0,3,Sicilian Defense: Chekhover Variation,1-0
92NP7FSU,22,black,False,Kh7,-499,-556,False,False,57,0,Kh7,middlegame,14.0,63.0,3,Sicilian Defense: Chekhover Variation,1-0
92NP7FSU,23,white,True,Rh4,556,577,False,False,0,0,Rh4,middlegame,1.0,27.0,3,Sicilian Defense: Chekhover Variation,1-0
92NP7FSU,23,black,False,Bg7,-577,-10000,False,True,423,0,Rd4,middlegame,11.0,52.0,3,Sicilian Defense: Chekhover Variation,1-0
92NP7FSU,24,white,True,Nxf7+,10000,333,True,False,667,1,Nf5+,middlegame,5.0,22.0,3,Sicilian Defense: Chekhover Variation,1-0
92NP7FSU,24,black,False,Kg8,-333,-353,False,False,20,1,Kg8,middlegame,3.0,49.0,3,Sicilian Defense: Chekhover Variation,1-0
92NP7FSU,25,white,True,Nxd8,353,349,False,False,4,0,Nxd8,middlegame,6.0,16.0,3,Sicilian Defense: Chekhover Variation,1-0
92NP7FSU,25,black,False,Qxd8,-349,-353,False,False,4,0,Qxd8,middlegame,8.0,41.0,3,Sicilian Defense: Chekhover Variation,1-0
92NP7FSU,26,white,True,Rg4,353,188,False,False,165,0,Rxe6,middlegame,1.0,15.0,3,Sicilian Defense: Chekhover Variation,1-0
92NP7FSU,26,black,False,Qf6,-188,-320,False,False,132,1,Rf6,middlegame,3.0,38.0,3,Sicilian Defense: Chekhover Variation,1-0
92NP7FSU,27,white,True,h4,320,218,False,False,102,1,Rg6,middlegame,1.0,14.0,3,Sicilian Defense: Chekhover Variation,1-0
92NP7FSU,27,black,False,Kh8,-218,-297,False,False,79,1,Qe7,middlegame,11.0,27.0,3,Sicilian Defense: Chekhover Variation,1-0
92NP7FSU,28,white,True,h5,297,178,False,False,119,0,Rg6,middlegame,0.0,14.0,3,Sicilian Defense: Chekhover Variation,1-0
92NP7FSU,28,black,False,Bh6,-178,-337,False,False,159,1,Qh6,middlegame,7.0,20.0,3,Sicilian Defense: Chekhover Variation,1-0
92NP7FSU,29,white,True,Rf1,337,91,False,False,246,1,Rg6,middlegame,2.0,12.0,3,Sicilian Defense: Chekhover Variation,1-0
92NP7FSU,29,black,False,Ng7,-91,-260,False,False,169,1,Qf5,middlegame,3.0,17.0,3,Sicilian Defense: Chekhover Variation,1-0
92NP7FSU,30,white,True,Qh3,260,122,False,False,138,1,Rg6,middlegame,0.0,12.0,3,Sicilian Defense: Chekhover Variation,1-0
92NP7FSU,30,black,False,Nf5,-122,-132,False,False,10,1,Bg5,middlegame,1.0,16.0,3,Sicilian Defense: Chekhover Variation,1-0
92NP7FSU,31,white,True,f3,132,-140,False,False,272,0,Rg6,middlegame,0.0,12.0,3,Sicilian Defense: Chekhover Variation,1-0
92NP7FSU,31,black,False,Rg8,140,-23,False,False,163,1,Qe5,middlegame,1.0,15.0,3,Sicilian Defense: Chekhover Variation,1-0
92NP7FSU,32,white,True,Rxg8+,23,13,False,False,10,1,Rxg8+,middlegame,2.0,10.0,3,Sicilian Defense: Chekhover Variation,1-0
92NP7FSU,32,black,False,Kxg8,-13,-12,False,False,0,0,Kxg8,middlegame,2.0,13.0,3,Sicilian Defense: Chekhover Variation,1-0
92NP7FSU,33,white,True,g4,12,-123,False,False,135,0,f4,middlegame,2.0,8.0,3,Sicilian Defense: Chekhover Variation,1-0
92NP7FSU,33,black,False,Ne3,123,142,False,False,0,1,Ne3,middlegame,1.0,12.0,3,Sicilian Defense: Chekhover Variation,1-0
92NP7FSU,34,white,True,Rf2,-142,-287,False,False,145,0,Rb1,middlegame,0.0,8.0,3,Sicilian Defense: Chekhover Variation,1-0
92NP7FSU,34,black,False,Qf4,287,93,False,False,194,1,Qa1+,middlegame,1.0,11.0,3,Sicilian Defense: Chekhover Variation,1-0
92NP7FSU,35,white,True,Qh2,-93,-118,False,False,25,1,Qh2,middlegame,2.0,6.0,3,Sicilian Defense: Chekhover Variation,1-0
92NP7FSU,35,black,False,Nd5,118,-162,False,False,280,0,Qd4,middlegame,1.0,10.0,3,Sicilian Defense: Chekhover Variation,1-0
92NP7FSU,36,white,True,Qxf4,162,170,False,False,0,1,Qxf4,middlegame,1.0,5.0,3,Sicilian Defense: Chekhover Variation,1-0
92NP7FSU,36,black,False,Bxf4,-170,-178,False,False,8,0,Bxf4,endgame,1.0,9.0,3,Sicilian Defense: Chekhover Variation,1-0
92NP7FSU,37,white,True,Kf1,178,-2,False,False,180,0,c4,endgame,0.0,5.0,3,Sicilian Defense: Chekhover Variation,1-0
92NP7FSU,37,black,False,Ne3+,2,-66,False,False,68,1,Nc3,endgame,1.0,8.0,3,Sicilian Defense: Chekhover Variation,1-0
92NP7FSU,38,white,True,Ke2,66,53,False,False,13,0,Ke2,endgame,1.0,4.0,3,Sicilian Defense: Chekhover Variation,1-0
92NP7FSU,38,black,False,Kf7,-53,-196,False,False,143,0,Nxc2,endgame,0.0,8.0,3,Sicilian Defense: Chekhover Variation,1-0
92NP7FSU,39,white,True,Rf1,196,-335,False,False,531,1,Kd3,endgame,1.0,3.0,3,Sicilian Defense: Chekhover Variation,1-0
92NP7FSU,39,black,False,Nd5,335,-219,False,False,554,1,Nxf1,endgame,1.0,7.0,3,Sicilian Defense: Chekhover Variation,1-0
92NP7FSU,40,white,True,Rb1,219,-515,False,False,734,1,c4,endgame,0.0,3.0,3,Sicilian Defense: Chekhover Variation,1-0
92NP7FSU,40,black,False,Kf6,515,-398,False,False,913,1,Nc3+,endgame,0.0,7.0,3,Sicilian Defense: Chekhover Variation,1-0
92NP7FSU,41,white,True,Rxb7,398,377,False,False,21,1,Rxb7,endgame,1.0,2.0,3,Sicilian Defense: Chekhover Variation,1-0
92NP7FSU,41,black,False,Ke5,-377,-441,False,False,64,0,Nc3+,endgame,0.0,7.0,3,Sicilian Defense: Chekhover Variation,1-0
92NP7FSU,42,white,True,Rxa7,441,439,False,False,2,0,Rxa7,endgame,0.0,2.0,3,Sicilian Defense: Chekhover Variation,1-0
92NP7FSU,42,black,False,Nc3+,-439,-482,False,False,43,0,Bg5,endgame,1.0,6.0,3,Sicilian Defense: Chekhover Variation,1-0
92NP7FSU,43,white,True,Kd3,482,504,False,False,0,0,Kd3,endgame,1.0,1.0,3,Sicilian Defense: Chekhover Variation,1-0
92NP7FSU,43,black,False,Nd5,-504,-483,False,False,0,0,Nd5,endgame,0.0,6.0,3,Sicilian Defense: Chekhover Variation,1-0
92NP7FSU,44,white,True,Kc4,483,475,False,False,8,0,a4,endgame,0.0,1.0,3,Sicilian Defense: Chekhover Variation,1-0
92NP7FSU,44,black,False,Ne3+,-475,-499,False,False,24,0,Ne3+,endgame,1.0,5.0,3,Sicilian Defense: Chekhover Variation,1-0
92NP7FSU,45,white,True,Kb5,499,375,False,False,124,0,Kd3,endgame,0.0,1.0,3,Sicilian Defense: Chekhover Variation,1-0
92NP7FSU,45,black,False,Nxc2,-375,-408,False,False,33,1,Nxc2,endgame,0.0,5.0,3,Sicilian Defense: Chekhover Variation,1-0
92NP7FSU,46,white,True,Ka6,408,342,False,False,66,0,Kc4,endgame,0.0,1.0,3,Sicilian Defense: Chekhover Variation,1-0
92NP7FSU,46,black,False,Nd4,-342,-403,False,False,61,0,Kf6,endgame,0.0,5.0,3,Sicilian Defense: Chekhover Variation,1-0
92NP7FSU,47,white,True,Kb7,403,300,False,False,103,0,Rf7,endgame,0.0,1.0,3,Sicilian Defense: Chekhover Variation,1-0
92NP7FSU,47,black,False,Be3,-300,-402,False,False,102,1,Nxf3,endgame,1.0,4.0,3,Sicilian Defense: Chekhover Variation,1-0
92NP7FSU,48,white,True,a4,402,311,False,False,91,1,Ra3,endgame,0.0,1.0,3,Sicilian Defense: Chekhover Variation,1-0
92NP7FSU,48,black,False,Nf5,-311,-603,False,False,292,0,Nxf3,endgame,0.0,4.0,3,Sicilian Defense: Chekhover Variation,1-0
92NP7FSU,49,white,True,a5,603,435,False,False,168,1,Ra5+,endgame,0.0,1.0,3,Sicilian Defense: Chekhover Variation,1-0
92NP7FSU,49,black,False,Bxa7,-435,-483,False,False,48,1,Nd6+,endgame,1.0,3.0,3,Sicilian Defense: Chekhover Variation,1-0
92NP7FSU,50,white,True,a6,483,39,False,False,444,0,Kxa7,endgame,0.0,1.0,3,Sicilian Defense: Chekhover Variation,1-0
92NP7FSU,50,black,False,Nd4,-39,-527,False,False,488,1,Bc5,endgame,0.0,3.0,3,Sicilian Defense: Chekhover Variation,1-0
92NP7FSU,51,white,True,Kxa7,527,525,False,False,2,1,Kxa7,endgame,0.0,1.0,3,Sicilian Defense: Chekhover Variation,1-0
92NP7FSU,51,black,False,Nxf3,-525,-534,False,False,9,0,Nxf3,endgame,0.0,3.0,3,Sicilian Defense: Chekhover Variation,1-0
92NP7FSU,52,white,True,Kb7,534,612,False,False,0,0,Kb6,endgame,0.0,1.0,3,Sicilian Defense: Chekhover Variation,1-0
92NP7FSU,52,black,False,Ng5,-612,-648,False,False,36,0,Kf6,endgame,0.0,3.0,3,Sicilian Defense: Chekhover Variation,1-0
92NP7FSU,53,white,True,a7,648,707,False,False,0,0,a7,endgame,0.0,1.0,3,Sicilian Defense: Chekhover Variation,1-0
92NP7FSU,53,black,False,Nf3,-707,-797,False,False,90,0,Kf6,endgame,1.0,2.0,3,Sicilian Defense: Chekhover Variation,1-0
92NP7FSU,54,white,True,a8=Q,797,812,False,False,0,0,a8=Q,endgame,0.0,1.0,3,Sicilian Defense: Chekhover Variation,1-0
92NP7FSU,54,black,False,Ng5,-812,-865,False,False,53,0,Ng5,endgame,1.0,1.0,3,Sicilian Defense: Chekhover Variation,1-0
92NP7FSU,55,white,True,Qa7,865,803,False,False,62,0,Qf8,endgame,0.0,1.0,3,Sicilian Defense: Chekhover Variation,1-0
92NP7FSU,55,black,False,Nh7,-803,-3405,False,True,197,0,Ke4,endgame,0.0,1.0,3,Sicilian Defense: Chekhover Variation,1-0
92NP7FSU,56,white,True,Qa5+,3405,843,True,False,157,1,Kc6,endgame,0.0,1.0,3,Sicilian Defense: Chekhover Variation,1-0
cNtoVgfe,1,white,False,Nf3,36,28,False,False,8,0,e4,opening,0.0,180.0,2,Zukertort Opening: Pirc Invitation,1-0
cNtoVgfe,1,black,True,d6,-28,-55,False,False,27,0,d5,opening,0.0,180.0,2,Zukertort Opening: Pirc Invitation,1-0
cNtoVgfe,2,white,False,g3,55,33,False,False,22,0,d4,opening,5.0,175.0,2,Zukertort Opening: Pirc Invitation,1-0
cNtoVgfe,2,black,True,e5,-33,-48,False,False,15,0,e5,opening,0.0,180.0,2,Zukertort Opening: Pirc Invitation,1-0
cNtoVgfe,3,white,False,d3,48,28,False,False,20,0,c4,opening,2.0,173.0,2,Zukertort Opening: Pirc Invitation,1-0
cNtoVgfe,3,black,True,f5,-28,-21,False,False,0,0,g6,opening,1.0,179.0,2,Zukertort Opening: Pirc Invitation,1-0
cNtoVgfe,4,white,False,Nbd2,21,-17,False,False,38,0,c4,opening,0.0,173.0,2,Zukertort Opening: Pirc Invitation,1-0
cNtoVgfe,4,black,True,Nf6,17,30,False,False,0,0,Nc6,opening,0.0,179.0,2,Zukertort Opening: Pirc Invitation,1-0
cNtoVgfe,5,white,False,Bg2,-30,-29,False,False,0,0,Bg2,opening,1.0,172.0,2,Zukertort Opening: Pirc Invitation,1-0
cNtoVgfe,5,black,True,Be7,29,3,False,False,26,0,Be7,opening,0.0,179.0,2,Zukertort Opening: Pirc Invitation,1-0
cNtoVgfe,6,white,False,O-O,-3,-27,False,False,24,0,b4,opening,0.0,172.0,2,Zukertort Opening: Pirc Invitation,1-0
cNtoVgfe,6,black,True,O-O,27,27,False,False,0,0,Nc6,opening,1.0,178.0,2,Zukertort Opening: Pirc Invitation,1-0
cNtoVgfe,7,white,False,e4,-27,-32,False,False,5,0,b4,opening,0.0,172.0,2,Zukertort Opening: Pirc Invitation,1-0
cNtoVgfe,7,black,True,Qe8,32,4,False,False,28,0,Nc6,opening,1.0,177.0,2,Zukertort Opening: Pirc Invitation,1-0
cNtoVgfe,8,white,False,c3,-4,-39,False,False,35,0,exf5,opening,2.0,170.0,2,Zukertort Opening: Pirc Invitation,1-0
cNtoVgfe,8,black,True,Qh5,39,-18,False,False,57,0,fxe4,opening,1.0,176.0,2,Zukertort Opening: Pirc Invitation,1-0
cNtoVgfe,9,white,False,exf5,18,6,False,False,12,0,exf5,opening,6.0,164.0,2,Zukertort Opening: Pirc Invitation,1-0
cNtoVgfe,9,black,True,Bxf5,-6,-8,False,False,2,0,Bxf5,opening,0.0,176.0,2,Zukertort Opening: Pirc Invitation,1-0
cNtoVgfe,10,white,False,Qb3+,8,-30,False,False,38,0,Nc4,opening,2.0,162.0,2,Zukertort Opening: Pirc Invitation,1-0
cNtoVgfe,10,black,True,Kh8,30,46,False,False,0,0,Kh8,opening,2.0,174.0,2,Zukertort Opening: Pirc Invitation,1-0
cNtoVgfe,11,white,False,Qxb7,-46,-50,False,False,4,0,Qxb7,opening,0.0,162.0,2,Zukertort Opening: Pirc Invitation,1-0
cNtoVgfe,11,black,True,Nbd7,50,47,False,False,3,0,Nbd7,opening,9.0,165.0,2,Zukertort Opening: Pirc Invitation,1-0
cNtoVgfe,12,white,False,Ne4,-47,-39,False,False,0,0,Ne4,opening,2.0,160.0,2,Zukertort Opening: Pirc Invitation,1-0
cNtoVgfe,12,black,True,Bh3,39,-89,False,False,128,0,Nxe4,opening,3.0,162.0,2,Zukertort Opening: Pirc Invitation,1-0
cNtoVgfe,13,white,False,Qxc7,89,-323,False,False,412,1,Bxh3,opening,7.0,153.0,2,Zukertort Opening: Pirc Invitation,1-0
cNtoVgfe,13,black,True,Bxg2,323,342,False,False,0,1,Bxg2,opening,2.0,160.0,2,Zukertort Opening: Pirc Invitation,1-0
cNtoVgfe,14,white,False,Kxg2,-342,-330,False,False,0,0,Kxg2,opening,1.0,152.0,2,Zukertort Opening: Pirc Invitation,1-0
cNtoVgfe,14,black,True,Ng4,330,-322,False,False,652,0,Nxe4,opening,11.0,149.0,2,Zukertort Opening: Pirc Invitation,1-0
cNtoVgfe,15,white,False,h3,322,230,False,False,92,1,Qxd7,opening,19.0,133.0,2,Zukertort Opening: Pirc Invitation,1-0
cNtoVgfe,15,black,True,Nh6,-230,-262,False,False,32,0,Qf5,opening,17.0,132.0,2,Zukertort Opening: Pirc Invitation,1-0
cNtoVgfe,16,white,False,Qxd7,262,94,False,False,168,0,Nfg5,opening,10.0,123.0,2,Zukertort Opening: Pirc Invitation,1-0
cNtoVgfe,16,black,True,Qxf3+,-94,-53,False,False,0,1,Qxf3+,opening,1.0,131.0,2,Zukertort Opening: Pirc Invitation,1-0
cNtoVgfe,17,white,False,Kg1,53,21,False,False,32,0,Kh2,middlegame,4.0,119.0,2,Zukertort Opening: Pirc Invitation,1-0
cNtoVgfe,17,black,True,d5,-21,-436,False,False,415,0,Nf5,middlegame,34.0,97.0,2,Zukertort Opening: Pirc Invitation,1-0
cNtoVgfe,18,white,False,Bxh6,436,422,False,False,14,1,Bxh6,middlegame,2.0,117.0,2,Zukertort Opening: Pirc Invitation,1-0
cNtoVgfe,18,black,True,gxh6,-422,-414,False,False,0,0,gxh6,middlegame,15.0,82.0,2,Zukertort Opening: Pirc Invitation,1-0
cNtoVgfe,19,white,False,Qxe7,414,422,False,False,0,0,Qxd5,middlegame,7.0,110.0,2,Zukertort Opening: Pirc Invitation,1-0
cNtoVgfe,19,black,True,dxe4,-422,-500,False,False,78,0,Rae8,middlegame,3.0,79.0,2,Zukertort Opening: Pirc Invitation,1-0
cNtoVgfe,20,white,False,Qxe5+,500,493,False,False,7,0,Qxe5+,middlegame,1.0,109.0,2,Zukertort Opening: Pirc Invitation,1-0
cNtoVgfe,20,black,True,Kg8,-493,-508,False,False,15,0,Kg8,middlegame,2.0,77.0,2,Zukertort Opening: Pirc Invitation,1-0
cNtoVgfe,21,white,False,Qxe4,508,518,False,False,0,0,Qxe4,middlegame,2.0,107.0,2,Zukertort Opening: Pirc Invitation,1-0
cNtoVgfe,21,black,True,Qh5,-518,-532,False,False,14,0,Rab8,middlegame,8.0,69.0,2,Zukertort Opening: Pirc Invitation,1-0
cNtoVgfe,22,white,False,Qg4+,532,522,False,False,10,0,Rae1,middlegame,2.0,105.0,2,Zukertort Opening: Pirc Invitation,1-0
cNtoVgfe,22,black,True,Qxg4,-522,-530,False,False,8,0,Qxg4,middlegame,3.0,66.0,2,Zukertort Opening: Pirc Invitation,1-0
cNtoVgfe,23,white,False,hxg4,530,519,False,False,11,0,hxg4,middlegame,0.0,105.0,2,Zukertort Opening: Pirc Invitation,1-0
cNtoVgfe,23,black,True,Rac8,-519,-534,False,False,15,0,Rab8,endgame,3.0,63.0,2,Zukertort Opening: Pirc Invitation,1-0
cNtoVgfe,24,white,False,Rae1,534,531,False,False,3,0,Rfe1,endgame,4.0,101.0,2,Zukertort Opening: Pirc Invitation,1-0
cNtoVgfe,24,black,True,Rcd8,-531,-544,False,False,13,0,Rc6,endgame,2.0,61.0,2,Zukertort Opening: Pirc Invitation,1-0
cNtoVgfe,25,white,False,d4,544,552,False,False,0,0,d4,endgame,2.0,99.0,2,Zukertort Opening: Pirc Invitation,1-0
cNtoVgfe,25,black,True,Rb8,-552,-561,False,False,9,0,Rd5,endgame,1.0,60.0,2,Zukertort Opening: Pirc Invitation,1-0
cNtoVgfe,26,white,False,Re2,561,556,False,False,5,0,Re2,endgame,1.0,98.0,2,Zukertort Opening: Pirc Invitation,1-0
cNtoVgfe,26,black,True,Kg7,-556,-577,False,False,21,0,Rb6,endgame,2.0,58.0,2,Zukertort Opening: Pirc Invitation,1-0
cNtoVgfe,27,white,False,f4,577,572,False,False,5,0,d5,endgame,2.0,96.0,2,Zukertort Opening: Pirc Invitation,1-0
cNtoVgfe,27,black,True,Kg6,-572,-591,False,False,19,0,Kf7,endgame,1.0,57.0,2,Zukertort Opening: Pirc Invitation,1-0
cNtoVgfe,28,white,False,Rff2,591,583,False,False,8,0,Kf2,endgame,1.0,95.0,2,Zukertort Opening: Pirc Invitation,1-0
cNtoVgfe,28,black,True,h5,-583,-574,False,False,0,0,h5,endgame,3.0,54.0,2,Zukertort Opening: Pirc Invitation,1-0
cNtoVgfe,29,white,False,gxh5+,574,584,False,False,0,0,gxh5+,endgame,2.0,93.0,2,Zukertort Opening: Pirc Invitation,1-0
cNtoVgfe,29,black,True,Kxh5,-584,-584,False,False,0,0,Kxh5,endgame,0.0,54.0,2,Zukertort Opening: Pirc Invitation,1-0
cNtoVgfe,30,white,False,Kg2,584,546,False,False,38,0,Re5+,endgame,2.0,91.0,2,Zukertort Opening: Pirc Invitation,1-0
cNtoVgfe,30,black,True,Kg4,-546,-575,False,False,29,0,Kg4,endgame,0.0,54.0,2,Zukertort Opening: Pirc Invitation,1-0
cNtoVgfe,31,white,False,Re5,575,580,False,False,0,0,Re5,endgame,1.0,90.0,2,Zukertort Opening: Pirc Invitation,1-0
cNtoVgfe,31,black,True,h6,-580,-592,False,False,12,0,Rg8,endgame,2.0,52.0,2,Zukertort Opening: Pirc Invitation,1-0
cNtoVgfe,32,white,False,f5,592,540,False,False,52,0,d5,endgame,5.0,85.0,2,Zukertort Opening: Pirc Invitation,1-0
cNtoVgfe,32,black,True,Rf6,-540,-547,False,False,7,0,Rf6,endgame,5.0,47.0,2,Zukertort Opening: Pirc Invitation,1-0
cNtoVgfe,33,white,False,Re6,547,490,False,False,57,0,Re7,endgame,5.0,80.0,2,Zukertort Opening: Pirc Invitation,1-0
cNtoVgfe,33,black,True,Rbf8,-490,-599,False,False,109,0,Rxf5,endgame,3.0,44.0,2,Zukertort Opening: Pirc Invitation,1-0
cNtoVgfe,34,white,False,Rxf6,599,612,False,False,0,1,Rxf6,endgame,4.0,76.0,2,Zukertort Opening: Pirc Invitation,1-0
cNtoVgfe,34,black,True,Rxf6,-612,-575,False,False,0,0,Rxf6,endgame,0.0,44.0,2,Zukertort Opening: Pirc Invitation,1-0
cNtoVgfe,35,white,False,Rf4+,575,529,False,False,46,0,d5,endgame,2.0,74.0,2,Zukertort Opening: Pirc Invitation,1-0
cNtoVgfe,35,black,True,Kg5,-529,-541,False,False,12,0,Kg5,endgame,2.0,42.0,2,Zukertort Opening: Pirc Invitation,1-0
cNtoVgfe,36,white,False,Kf3,541,551,False,False,0,0,d5,endgame,1.0,73.0,2,Zukertort Opening: Pirc Invitation,1-0
cNtoVgfe,36,black,True,h5,-551,-589,False,False,38,0,Rxf5,endgame,4.0,38.0,2,Zukertort Opening: Pirc Invitation,1-0
cNtoVgfe,37,white,False,d5,589,589,False,False,0,0,c4,endgame,2.0,71.0,2,Zukertort Opening: Pirc Invitation,1-0
cNtoVgfe,37,black,True,a5,-589,-661,False,False,72,0,Rb6,endgame,3.0,35.0,2,Zukertort Opening: Pirc Invitation,1-0
cNtoVgfe,38,white,False,b3,661,577,False,False,84,0,c4,endgame,1.0,70.0,2,Zukertort Opening: Pirc Invitation,1-0
cNtoVgfe,38,black,True,Kh6,-577,-636,False,False,59,0,Rxf5,endgame,4.0,31.0,2,Zukertort Opening: Pirc Invitation,1-0
cNtoVgfe,39,white,False,c4,636,658,False,False,0,0,c4,endgame,2.0,68.0,2,Zukertort Opening: Pirc Invitation,1-0
cNtoVgfe,39,black,True,Kg7,-658,-656,False,False,0,0,Kg7,endgame,2.0,29.0,2,Zukertort Opening: Pirc Invitation,1-0
cNtoVgfe,40,white,False,Ke4,656,635,False,False,21,0,c5,endgame,1.0,67.0,2,Zukertort Opening: Pirc Invitation,1-0
cNtoVgfe,40,black,True,Kf7,-635,-680,False,False,45,0,Rb6,endgame,2.0,27.0,2,Zukertort Opening: Pirc Invitation,1-0
cNtoVgfe,41,white,False,Ke5,680,703,False,False,0,0,Ke5,endgame,2.0,65.0,2,Zukertort Opening: Pirc Invitation,1-0
cNtoVgfe,41,black,True,Ke7,-703,-808,False,False,105,0,Rh6,endgame,1.0,26.0,2,Zukertort Opening: Pirc Invitation,1-0
cNtoVgfe,42,white,False,g4,808,651,False,False,157,1,d6+,endgame,2.0,63.0,2,Zukertort Opening: Pirc Invitation,1-0
cNtoVgfe,42,black,True,hxg4,-651,-685,False,False,34,1,Rf8,endgame,1.0,25.0,2,Zukertort Opening: Pirc Invitation,1-0
cNtoVgfe,43,white,False,Rxg4,685,693,False,False,0,0,Rxg4,endgame,1.0,62.0,2,Zukertort Opening: Pirc Invitation,1-0
cNtoVgfe,43,black,True,Rf7,-693,-720,False,False,27,0,Rh6,endgame,5.0,20.0,2,Zukertort Opening: Pirc Invitation,1-0
cNtoVgfe,44,white,False,Rg6,720,682,False,False,38,0,c5,endgame,2.0,60.0,2,Zukertort Opening: Pirc Invitation,1-0
cNtoVgfe,44,black,True,Kd7,-682,-775,False,False,93,0,a4,endgame,2.0,18.0,2,Zukertort Opening: Pirc Invitation,1-0
cNtoVgfe,45,white,False,Ra6,775,650,False,False,125,0,f6,endgame,1.0,59.0,2,Zukertort Opening: Pirc Invitation,1-0
cNtoVgfe,45,black,True,Re7+,-650,-651,False,False,1,1,Re7+,endgame,1.0,17.0,2,Zukertort Opening: Pirc Invitation,1-0
cNtoVgfe,46,white,False,Re6,651,633,False,False,18,0,Kd4,endgame,3.0,56.0,2,Zukertort Opening: Pirc Invitation,1-0
cNtoVgfe,46,black,True,Rh7,-633,-660,False,False,27,0,Rh7,endgame,2.0,15.0,2,Zukertort Opening: Pirc Invitation,1-0
cNtoVgfe,47,white,False,d6,660,639,False,False,21,0,Ra6,endgame,2.0,54.0,2,Zukertort Opening: Pirc Invitation,1-0
cNtoVgfe,47,black,True,Rh1,-639,-696,False,False,57,0,Kc6,endgame,0.0,15.0,2,Zukertort Opening: Pirc Invitation,1-0
cNtoVgfe,48,white,False,Kf6,696,570,False,False,126,0,Kd5,endgame,2.0,52.0,2,Zukertort Opening: Pirc Invitation,1-0
cNtoVgfe,48,black,True,Rh6+,-570,-715,False,False,145,1,a4,endgame,2.0,13.0,2,Zukertort Opening: Pirc Invitation,1-0
cNtoVgfe,49,white,False,Ke5,715,722,False,False,0,1,Ke5,endgame,1.0,51.0,2,Zukertort Opening: Pirc Invitation,1-0
cNtoVgfe,49,black,True,Rh1,-722,-795,False,False,73,0,Rh5,endgame,2.0,11.0,2,Zukertort Opening: Pirc Invitation,1-0
cNtoVgfe,50,white,False,c5,795,615,False,False,180,0,Kd5,endgame,1.0,50.0,2,Zukertort Opening: Pirc Invitation,1-0
cNtoVgfe,50,black,True,Ra1,-615,-740,False,False,125,1,Kc6,endgame,3.0,8.0,2,Zukertort Opening: Pirc Invitation,1-0
cNtoVgfe,51,white,False,Re7+,740,853,False,False,0,1,Re7+,endgame,2.0,48.0,2,Zukertort Opening: Pirc Invitation,1-0
cNtoVgfe,51,black,True,Kd8,-853,-884,False,False,31,1,Kd8,endgame,1.0,7.0,2,Zukertort Opening: Pirc Invitation,1-0
cNtoVgfe,52,white,False,c6,884,10000,False,True,0,0,Kd5,endgame,1.0,47.0,2,Zukertort Opening: Pirc Invitation,1-0
cNtoVgfe,52,black,True,Re1+,-10000,-10000,True,True,0,1,Re1+,endgame,3.0,4.0,2,Zukertort Opening: Pirc Invitation,1-0
cNtoVgfe,53,white,False,Kf6,10000,10000,True,True,0,0,Kf6,endgame,1.0,46.0,2,Zukertort Opening: Pirc Invitation,1-0
cNtoVgfe,53,black,True,Rh1,-10000,-10000,True,True,0,0,Rc1,endgame,2.0,2.0,2,Zukertort Opening: Pirc Invitation,1-0
cNtoVgfe,54,white,False,Ra7,10000,10000,True,True,0,0,c7+,endgame,3.0,43.0,2,Zukertort Opening: Pirc Invitation,1-0
VeL05zD2,1,white,True,e4,31,33,False,False,0,0,e4,opening,0.0,180.0,1,Sicilian Defense: Nyezhmetdinov-Rossolimo Attack,1-0
VeL05zD2,1,black,False,c5,-33,-39,False,False,6,0,e5,opening,0.0,180.0,1,Sicilian Defense: Nyezhmetdinov-Rossolimo Attack,1-0
VeL05zD2,2,white,True,Nf3,39,28,False,False,11,0,Nf3,opening,1.0,179.0,1,Sicilian Defense: Nyezhmetdinov-Rossolimo Attack,1-0
VeL05zD2,2,black,False,Nc6,-28,-38,False,False,10,0,d6,opening,1.0,179.0,1,Sicilian Defense: Nyezhmetdinov-Rossolimo Attack,1-0
VeL05zD2,3,white,True,Bb5,38,43,False,False,0,0,d4,opening,1.0,178.0,1,Sicilian Defense: Nyezhmetdinov-Rossolimo Attack,1-0
VeL05zD2,3,black,False,a6,-43,-72,False,False,29,0,g6,opening,1.0,178.0,1,Sicilian Defense: Nyezhmetdinov-Rossolimo Attack,1-0
VeL05zD2,4,white,True,Bxc6,72,70,False,False,2,0,Bxc6,opening,1.0,177.0,1,Sicilian Defense: Nyezhmetdinov-Rossolimo Attack,1-0
VeL05zD2,4,black,False,bxc6,-70,-74,False,False,4,0,bxc6,opening,1.0,177.0,1,Sicilian Defense: Nyezhmetdinov-Rossolimo Attack,1-0
VeL05zD2,5,white,True,O-O,74,73,False,False,1,0,O-O,opening,0.0,177.0,1,Sicilian Defense: Nyezhmetdinov-Rossolimo Attack,1-0
VeL05zD2,5,black,False,e6,-73,-66,False,False,0,0,d6,opening,0.0,177.0,1,Sicilian Defense: Nyezhmetdinov-Rossolimo Attack,1-0
VeL05zD2,6,white,True,c3,66,31,False,False,35,0,e5,opening,1.0,176.0,1,Sicilian Defense: Nyezhmetdinov-Rossolimo Attack,1-0
VeL05zD2,6,black,False,Nf6,-31,-88,False,False,57,0,Ne7,opening,2.0,175.0,1,Sicilian Defense: Nyezhmetdinov-Rossolimo Attack,1-0
VeL05zD2,7,white,True,e5,88,93,False,False,0,0,e5,opening,1.0,175.0,1,Sicilian Defense: Nyezhmetdinov-Rossolimo Attack,1-0
VeL05zD2,7,black,False,Nd5,-93,-82,False,False,0,0,Nd5,opening,1.0,174.0,1,Sicilian Defense: Nyezhmetdinov-Rossolimo Attack,1-0
VeL05zD2,8,white,True,d4,82,8,False,False,74,0,c4,opening,0.0,175.0,1,Sicilian Defense: Nyezhmetdinov-Rossolimo Attack,1-0
VeL05zD2,8,black,False,cxd4,-8,-37,False,False,29,0,cxd4,opening,1.0,173.0,1,Sicilian Defense: Nyezhmetdinov-Rossolimo Attack,1-0
VeL05zD2,9,white,True,cxd4,37,8,False,False,29,0,Qxd4,opening,0.0,175.0,1,Sicilian Defense: Nyezhmetdinov-Rossolimo Attack,1-0
VeL05zD2,9,black,False,Be7,-8,-15,False,False,7,0,Be7,opening,2.0,171.0,1,Sicilian Defense: Nyezhmetdinov-Rossolimo Attack,1-0
VeL05zD2,10,white,True,Nc3,15,24,False,False,0,0,Nc3,opening,1.0,174.0,1,Sicilian Defense: Nyezhmetdinov-Rossolimo Attack,1-0
VeL05zD2,10,black,False,O-O,-24,-30,False,False,6,0,O-O,opening,2.0,169.0,1,Sicilian Defense: Nyezhmetdinov-Rossolimo Attack,1-0
VeL05zD2,11,white,True,Nxd5,30,7,False,False,23,0,Ne4,opening,4.0,170.0,1,Sicilian Defense: Nyezhmetdinov-Rossolimo Attack,1-0
VeL05zD2,11,black,False,cxd5,-7,-5,False,False,0,0,cxd5,opening,1.0,168.0,1,Sicilian Defense: Nyezhmetdinov-Rossolimo Attack,1-0
VeL05zD2,12,white,True,Be3,5,-34,False,False,39,0,Re1,middlegame,1.0,169.0,1,Sicilian Defense: Nyezhmetdinov-Rossolimo Attack,1-0
VeL05zD2,12,black,False,d6,34,-18,False,False,52,0,a5,middlegame,1.0,167.0,1,Sicilian Defense: Nyezhmetdinov-Rossolimo Attack,1-0
VeL05zD2,13,white,True,Rc1,18,18,False,False,0,0,Qd2,middlegame,2.0,167.0,1,Sicilian Defense: Nyezhmetdinov-Rossolimo Attack,1-0
VeL05zD2,13,black,False,dxe5,-18,-38,False,False,20,0,Bd7,middlegame,1.0,166.0,1,Sicilian Defense: Nyezhmetdinov-Rossolimo Attack,1-0
VeL05zD2,14,white,True,Nxe5,38,32,False,False,6,0,Nxe5,middlegame,4.0,163.0,1,Sicilian Defense: Nyezhmetdinov-Rossolimo Attack,1-0
VeL05zD2,14,black,False,Bb7,-32,-106,False,False,74,0,f6,middlegame,3.0,163.0,1,Sicilian Defense: Nyezhmetdinov-Rossolimo Attack,1-0
VeL05zD2,15,white,True,Qb3,106,87,False,False,19,0,Qg4,middlegame,4.0,159.0,1,Sicilian Defense: Nyezhmetdinov-Rossolimo Attack,1-0
VeL05zD2,15,black,False,Rb8,-87,-77,False,False,0,0,Bc8,middlegame,2.0,161.0,1,Sicilian Defense: Nyezhmetdinov-Rossolimo Attack,1-0
VeL05zD2,16,white,True,Rc2,77,5,False,False,72,0,Bf4,middlegame,16.0,143.0,1,Sicilian Defense: Nyezhmetdinov-Rossolimo Attack,1-0
VeL05zD2,16,black,False,Bd6,-5,-34,False,False,29,0,f6,middlegame,1.0,160.0,1,Sicilian Defense: Nyezhmetdinov-Rossolimo Attack,1-0
VeL05zD2,17,white,True,Bf4,34,36,False,False,0,0,Bf4,middlegame,12.0,131.0,1,Sicilian Defense: Nyezhmetdinov-Rossolimo Attack,1-0
VeL05zD2,17,black,False,f6,-36,-44,False,False,8,0,f6,middlegame,8.0,152.0,1,Sicilian Defense: Nyezhmetdinov-Rossolimo Attack,1-0
VeL05zD2,18,white,True,Nd3,44,33,False,False,11,0,Nd3,middlegame,1.0,130.0,1,Sicilian Defense: Nyezhmetdinov-Rossolimo Attack,1-0
VeL05zD2,18,black,False,Bxf4,-33,-59,False,False,26,0,Bc6,middlegame,1.0,151.0,1,Sicilian Defense: Nyezhmetdinov-Rossolimo Attack,1-0
VeL05zD2,19,white,True,Nxf4,59,50,False,False,9,0,Nxf4,middlegame,0.0,130.0,1,Sicilian Defense: Nyezhmetdinov-Rossolimo Attack,1-0
VeL05zD2,19,black,False,Qd6,-50,-47,False,False,0,0,Qd6,middlegame,7.0,144.0,1,Sicilian Defense: Nyezhmetdinov-Rossolimo Attack,1-0
VeL05zD2,20,white,True,Qe3,47,32,False,False,15,0,Qg3,middlegame,6.0,124.0,1,Sicilian Defense: Nyezhmetdinov-Rossolimo Attack,1-0
VeL05zD2,20,black,False,e5,-32,-39,False,False,7,0,e5,middlegame,3.0,141.0,1,Sicilian Defense: Nyezhmetdinov-Rossolimo Attack,1-0
VeL05zD2,21,white,True,dxe5,39,-7,False,False,46,0,Nd3,middlegame,3.0,121.0,1,Sicilian Defense: Nyezhmetdinov-Rossolimo Attack,1-0
VeL05zD2,21,black,False,fxe5,7,9,False,False,0,0,fxe5,middlegame,1.0,140.0,1,Sicilian Defense: Nyezhmetdinov-Rossolimo Attack,1-0
VeL05zD2,22,white,True,Ne2,-9,-99,False,False,90,0,Nd3,middlegame,14.0,107.0,1,Sicilian Defense: Nyezhmetdinov-Rossolimo Attack,1-0
VeL05zD2,22,black,False,d4,99,110,False,False,0,0,d4,middlegame,2.0,138.0,1,Sicilian Defense: Nyezhmetdinov-Rossolimo Attack,1-0
VeL05zD2,23,white,True,Qg3,-110,-120,False,False,10,0,Qd3,middlegame,7.0,100.0,1,Sicilian Defense: Nyezhmetdinov-Rossolimo Attack,1-0
VeL05zD2,23,black,False,Rf6,120,100,False,False,20,0,a5,middlegame,7.0,131.0,1,Sicilian Defense: Nyezhmetdinov-Rossolimo Attack,1-0
VeL05zD2,24,white,True,Rfc1,-100,-238,False,False,138,0,Qd3,middlegame,6.0,94.0,1,Sicilian Defense: Nyezhmetdinov-Rossolimo Attack,1-0
VeL05zD2,24,black,False,Rg6,238,102,False,False,136,1,Rbf8,middlegame,1.0,130.0,1,Sicilian Defense: Nyezhmetdinov-Rossolimo Attack,1-0
VeL05zD2,25,white,True,Qb3+,-102,-110,False,False,8,1,Qb3+,middlegame,42.0,52.0,1,Sicilian Defense: Nyezhmetdinov-Rossolimo Attack,1-0
VeL05zD2,25,black,False,Qe6,110,-4,False,False,114,0,Bd5,middlegame,24.0,106.0,1,Sicilian Defense: Nyezhmetdinov-Rossolimo Attack,1-0
VeL05zD2,26,white,True,Qxe6+,4,0,False,False,4,1,Qxe6+,middlegame,3.0,49.0,1,Sicilian Defense: Nyezhmetdinov-Rossolimo Attack,1-0
VeL05zD2,26,black,False,Rxe6,0,0,False,False,0,0,Rxe6,middlegame,1.0,105.0,1,Sicilian Defense: Nyezhmetdinov-Rossolimo Attack,1-0
VeL05zD2,27,white,True,Rc7,0,0,False,False,0,0,Ng3,middlegame,3.0,46.0,1,Sicilian Defense: Nyezhmetdinov-Rossolimo Attack,1-0
VeL05zD2,27,black,False,Rg6,0,-16,False,False,16,0,Be4,middlegame,4.0,101.0,1,Sicilian Defense: Nyezhmetdinov-Rossolimo Attack,1-0
VeL05zD2,28,white,True,Ng3,16,7,False,False,9,0,Ng3,middlegame,3.0,43.0,1,Sicilian Defense: Nyezhmetdinov-Rossolimo Attack,1-0
VeL05zD2,28,black,False,Rd6,-7,-215,False,False,208,0,h5,middlegame,9.0,92.0,1,Sicilian Defense: Nyezhmetdinov-Rossolimo Attack,1-0
VeL05zD2,29,white,True,Nf5,215,229,False,False,0,1,Nf5,middlegame,3.0,40.0,1,Sicilian Defense: Nyezhmetdinov-Rossolimo Attack,1-0
VeL05zD2,29,black,False,Rg6,-229,-346,False,False,117,0,Rf6,middlegame,7.0,85.0,1,Sicilian Defense: Nyezhmetdinov-Rossolimo Attack,1-0
VeL05zD2,30,white,True,Ne7+,346,350,False,False,0,1,Ne7+,middlegame,1.0,39.0,1,Sicilian Defense: Nyezhmetdinov-Rossolimo Attack,1-0
VeL05zD2,30,black,False,Kf7,-350,-351,False,False,1,0,Kf7,middlegame,4.0,81.0,1,Sicilian Defense: Nyezhmetdinov-Rossolimo Attack,1-0
VeL05zD2,31,white,True,Nxg6+,351,352,False,False,0,0,f3,middlegame,0.0,39.0,1,Sicilian Defense: Nyezhmetdinov-Rossolimo Attack,1-0
VeL05zD2,31,black,False,Kxg6,-352,-353,False,False,1,0,Kxg6,endgame,0.0,81.0,1,Sicilian Defense: Nyezhmetdinov-Rossolimo Attack,1-0
VeL05zD2,32,white,True,b3,353,362,False,False,0,0,b3,endgame,1.0,38.0,1,Sicilian Defense: Nyezhmetdinov-Rossolimo Attack,1-0
VeL05zD2,32,black,False,Kf5,-362,-377,False,False,15,0,Kf5,endgame,2.0,79.0,1,Sicilian Defense: Nyezhmetdinov-Rossolimo Attack,1-0
VeL05zD2,33,white,True,Rxg7,377,357,False,False,20,0,f3,endgame,2.0,36.0,1,Sicilian Defense: Nyezhmetdinov-Rossolimo Attack,1-0
VeL05zD2,33,black,False,Ke4,-357,-400,False,False,43,0,a5,endgame,1.0,78.0,1,Sicilian Defense: Nyezhmetdinov-Rossolimo Attack,1-0
VeL05zD2,34,white,True,Rxh7,400,330,False,False,70,0,Re1+,endgame,1.0,35.0,1,Sicilian Defense: Nyezhmetdinov-Rossolimo Attack,1-0
VeL05zD2,34,black,False,d3,-330,-509,False,False,179,0,Kd3,endgame,0.0,78.0,1,Sicilian Defense: Nyezhmetdinov-Rossolimo Attack,1-0
VeL05zD2,35,white,True,Rd1,509,503,False,False,6,1,Rd7,endgame,4.0,31.0,1,Sicilian Defense: Nyezhmetdinov-Rossolimo Attack,1-0
VeL05zD2,35,black,False,Bd5,-503,-517,False,False,14,0,Kd4,endgame,4.0,74.0,1,Sicilian Defense: Nyezhmetdinov-Rossolimo Attack,1-0
VeL05zD2,36,white,True,Rh4+,517,551,False,False,0,0,Rh4+,endgame,1.0,30.0,1,Sicilian Defense: Nyezhmetdinov-Rossolimo Attack,1-0
VeL05zD2,36,black,False,Kf5,-551,-540,False,False,0,0,Kf5,endgame,4.0,70.0,1,Sicilian Defense: Nyezhmetdinov-Rossolimo Attack,1-0
VeL05zD2,37,white,True,f3,540,477,False,False,63,0,Rxd3,endgame,1.0,29.0,1,Sicilian Defense: Nyezhmetdinov-Rossolimo Attack,1-0
VeL05zD2,37,black,False,e4,-477,-486,False,False,9,0,e4,endgame,5.0,65.0,1,Sicilian Defense: Nyezhmetdinov-Rossolimo Attack,1-0
VeL05zD2,38,white,True,fxe4+,486,496,False,False,0,0,fxe4+,endgame,2.0,27.0,1,Sicilian Defense: Nyezhmetdinov-Rossolimo Attack,1-0
VeL05zD2,38,black,False,Bxe4,-496,-501,False,False,5,0,Bxe4,endgame,0.0,65.0,1,Sicilian Defense: Nyezhmetdinov-Rossolimo Attack,1-0
VeL05zD2,39,white,True,Kf2,501,495,False,False,6,0,Kf2,endgame,1.0,26.0,1,Sicilian Defense: Nyezhmetdinov-Rossolimo Attack,1-0
VeL05zD2,39,black,False,Rc8,-495,-509,False,False,14,0,Ke5,endgame,3.0,62.0,1,Sicilian Defense: Nyezhmetdinov-Rossolimo Attack,1-0
VeL05zD2,40,white,True,Ke3,509,514,False,False,0,0,Ke3,endgame,4.0,22.0,1,Sicilian Defense: Nyezhmetdinov-Rossolimo Attack,1-0
VeL05zD2,40,black,False,Re8,-514,-721,False,False,207,0,Bb7,endgame,1.0,61.0,1,Sicilian Defense: Nyezhmetdinov-Rossolimo Attack,1-0
VeL05zD2,41,white,True,Rxd3,721,479,False,False,242,1,Rf4+,endgame,2.0,20.0,1,Sicilian Defense: Nyezhmetdinov-Rossolimo Attack,1-0
VeL05zD2,41,black,False,Bxd3+,-479,-480,False,False,1,1,Bxd3+,endgame,5.0,56.0,1,Sicilian Defense: Nyezhmetdinov-Rossolimo Attack,1-0
VeL05zD2,42,white,True,Kxd3,480,480,False,False,0,0,Kxd3,endgame,0.0,20.0,1,Sicilian Defense: Nyezhmetdinov-Rossolimo Attack,1-0
VeL05zD2,42,black,False,Rd8+,-480,-486,False,False,6,0,Re1,endgame,2.0,54.0,1,Sicilian Defense: Nyezhmetdinov-Rossolimo Attack,1-0
VeL05zD2,43,white,True,Ke3,486,494,False,False,0,0,Ke3,endgame,0.0,20.0,1,Sicilian Defense: Nyezhmetdinov-Rossolimo Attack,1-0
VeL05zD2,43,black,False,Kg5,-494,-495,False,False,1,0,a5,endgame,1.0,53.0,1,Sicilian Defense: Nyezhmetdinov-Rossolimo Attack,1-0
VeL05zD2,44,white,True,Rh3,495,466,False,False,29,0,Ra4,endgame,2.0,18.0,1,Sicilian Defense: Nyezhmetdinov-Rossolimo Attack,1-0
VeL05zD2,44,black,False,Rc8,-466,-449,False,False,0,0,a5,endgame,1.0,52.0,1,Sicilian Defense: Nyezhmetdinov-Rossolimo Attack,1-0
VeL05zD2,45,white,True,Kd3,449,449,False,False,0,0,Kd2,endgame,1.0,17.0,1,Sicilian Defense: Nyezhmetdinov-Rossolimo Attack,1-0
VeL05zD2,45,black,False,Rf8,-449,-480,False,False,31,0,a5,endgame,2.0,50.0,1,Sicilian Defense: Nyezhmetdinov-Rossolimo Attack,1-0
VeL05zD2,46,white,True,Kc3,480,451,False,False,29,0,Rg3+,endgame,0.0,17.0,1,Sicilian Defense: Nyezhmetdinov-Rossolimo Attack,1-0
VeL05zD2,46,black,False,Rf2,-451,-479,False,False,28,0,Rd8,endgame,2.0,48.0,1,Sicilian Defense: Nyezhmetdinov-Rossolimo Attack,1-0
VeL05zD2,47,white,True,Rg3+,479,472,False,False,7,0,Rg3+,endgame,1.0,16.0,1,Sicilian Defense: Nyezhmetdinov-Rossolimo Attack,1-0
VeL05zD2,47,black,False,Kf4,-472,-531,False,False,59,0,Kh4,endgame,1.0,47.0,1,Sicilian Defense: Nyezhmetdinov-Rossolimo Attack,1-0
VeL05zD2,48,white,True,a4,531,476,False,False,55,0,Rf3+,endgame,0.0,16.0,1,Sicilian Defense: Nyezhmetdinov-Rossolimo Attack,1-0
VeL05zD2,48,black,False,Ra2,-476,-473,False,False,0,0,Re2,endgame,6.0,41.0,1,Sicilian Defense: Nyezhmetdinov-Rossolimo Attack,1-0
VeL05zD2,49,white,True,Kb4,473,469,False,False,4,0,Rg6,endgame,1.0,15.0,1,Sicilian Defense: Nyezhmetdinov-Rossolimo Attack,1-0
VeL05zD2,49,black,False,Ra1,-469,-510,False,False,41,0,Rd2,endgame,3.0,38.0,1,Sicilian Defense: Nyezhmetdinov-Rossolimo Attack,1-0
VeL05zD2,50,white,True,Ka5,510,506,False,False,4,0,Ka5,endgame,0.0,15.0,1,Sicilian Defense: Nyezhmetdinov-Rossolimo Attack,1-0
VeL05zD2,50,black,False,Rh1,-506,-527,False,False,21,0,Rd1,endgame,4.0,34.0,1,Sicilian Defense: Nyezhmetdinov-Rossolimo Attack,1-0
VeL05zD2,51,white,True,b4,527,529,False,False,0,0,b4,endgame,1.0,14.0,1,Sicilian Defense: Nyezhmetdinov-Rossolimo Attack,1-0
VeL05zD2,51,black,False,Rxh2,-529,-553,False,False,24,0,Ra1,endgame,1.0,33.0,1,Sicilian Defense: Nyezhmetdinov-Rossolimo Attack,1-0
VeL05zD2,52,white,True,Rb3,553,501,False,False,52,0,Rh3,endgame,1.0,13.0,1,Sicilian Defense: Nyezhmetdinov-Rossolimo Attack,1-0
VeL05zD2,52,black,False,Rxg2,-501,-522,False,False,21,0,Ke5,endgame,2.0,31.0,1,Sicilian Defense: Nyezhmetdinov-Rossolimo Attack,1-0
VeL05zD2,53,white,True,b5,522,448,False,False,74,0,Kxa6,endgame,0.0,13.0,1,Sicilian Defense: Nyezhmetdinov-Rossolimo Attack,1-0
VeL05zD2,53,black,False,axb5,-448,-479,False,False,31,0,axb5,endgame,2.0,29.0,1,Sicilian Defense: Nyezhmetdinov-Rossolimo Attack,1-0
VeL05zD2,54,white,True,axb5,479,487,False,False,0,0,axb5,endgame,0.0,13.0,1,Sicilian Defense: Nyezhmetdinov-Rossolimo Attack,1-0
VeL05zD2,54,black,False,Rg8,-487,-465,False,False,0,0,Ke5,endgame,5.0,24.0,1,Sicilian Defense: Nyezhmetdinov-Rossolimo Attack,1-0
VeL05zD2,55,white,True,b6,465,427,False,False,38,0,b6,endgame,1.0,12.0,1,Sicilian Defense: Nyezhmetdinov-Rossolimo Attack,1-0
VeL05zD2,55,black,False,Ke5,-427,-438,False,False,11,0,Ke5,endgame,4.0,20.0,1,Sicilian Defense: Nyezhmetdinov-Rossolimo Attack,1-0
VeL05zD2,56,white,True,b7,438,431,False,False,7,0,b7,endgame,0.0,12.0,1,Sicilian Defense: Nyezhmetdinov-Rossolimo Attack,1-0
VeL05zD2,56,black,False,Rb8,-431,-418,False,False,0,0,Ke4,endgame,2.0,18.0,1,Sicilian Defense: Nyezhmetdinov-Rossolimo Attack,1-0
VeL05zD2,57,white,True,Ka6,418,420,False,False,0,0,Rb4,endgame,1.0,11.0,1,Sicilian Defense: Nyezhmetdinov-Rossolimo Attack,1-0
VeL05zD2,57,black,False,Kd6,-420,-424,False,False,4,0,Ke4,endgame,0.0,18.0,1,Sicilian Defense: Nyezhmetdinov-Rossolimo Attack,1-0
VeL05zD2,58,white,True,Ka7,424,1164,False,False,0,0,Rb5,endgame,0.0,11.0,1,Sicilian Defense: Nyezhmetdinov-Rossolimo Attack,1-0
VeL05zD2,58,black,False,Kc7,-1164,-10000,False,True,0,1,Re8,endgame,1.0,17.0,1,Sicilian Defense: Nyezhmetdinov-Rossolimo Attack,1-0
VeL05zD2,59,white,True,Rc3+,10000,10000,True,True,0,0,Rc3+,endgame,2.0,9.0,1,Sicilian Defense: Nyezhmetdinov-Rossolimo Attack,1-0
VeL05zD2,59,black,False,Kd6,-10000,-10000,True,True,0,0,Kd6,endgame,1.0,16.0,1,Sicilian Defense: Nyezhmetdinov-Rossolimo Attack,1-0
VeL05zD2,60,white,True,Rc8,10000,744,True,False,256,0,Kxb8,endgame,1.0,8.0,1,Sicilian Defense: Nyezhmetdinov-Rossolimo Attack,1-0
VeL05zD2,60,black,False,Rxb7+,-744,-8115,False,True,256,1,Rxc8,endgame,1.0,15.0,1,Sicilian Defense: Nyezhmetdinov-Rossolimo Attack,1-0
VeL05zD2,61,white,True,Kxb7,8115,893,True,False,107,1,Kxb7,endgame,1.0,7.0,1,Sicilian Defense: Nyezhmetdinov-Rossolimo Attack,1-0
VeL05zD2,61,black,False,Kd5,-893,-10000,False,True,107,1,Kd5,endgame,1.0,14.0,1,Sicilian Defense: Nyezhmetdinov-Rossolimo Attack,1-0
VeL05zD2,62,white,True,Rc7,10000,7656,True,True,0,1,Re8,endgame,0.0,7.0,1,Sicilian Defense: Nyezhmetdinov-Rossolimo Attack,1-0
VeL05zD2,62,black,False,Kd4,-7656,-10000,True,True,0,0,Ke4,endgame,0.0,14.0,1,Sicilian Defense: Nyezhmetdinov-Rossolimo Attack,1-0
VeL05zD2,63,white,True,Rc6,10000,6341,True,True,0,0,Re7,endgame,0.0,7.0,1,Sicilian Defense: Nyezhmetdinov-Rossolimo Attack,1-0
VeL05zD2,63,black,False,Kd3,-6341,-10000,True,True,0,0,Kd5,endgame,0.0,14.0,1,Sicilian Defense: Nyezhmetdinov-Rossolimo Attack,1-0
VeL05zD2,64,white,True,Rb6,10000,1332,True,False,0,0,Re6,endgame,1.0,6.0,1,Sicilian Defense: Nyezhmetdinov-Rossolimo Attack,1-0
VeL05zD2,64,black,False,Ke4,-1332,-7509,False,True,0,0,Ke4,endgame,0.0,14.0,1,Sicilian Defense: Nyezhmetdinov-Rossolimo Attack,1-0
VeL05zD2,65,white,True,Rc6,7509,7339,True,True,0,0,Rf6,endgame,0.0,6.0,1,Sicilian Defense: Nyezhmetdinov-Rossolimo Attack,1-0
VeL05zD2,65,black,False,Ke3,-7339,-8115,True,True,0,0,Kf3,endgame,1.0,13.0,1,Sicilian Defense: Nyezhmetdinov-Rossolimo Attack,1-0
VeL05zD2,66,white,True,Kc7,8115,8115,True,True,0,0,Rf6,endgame,0.0,6.0,1,Sicilian Defense: Nyezhmetdinov-Rossolimo Attack,1-0
VeL05zD2,66,black,False,Ke4,-8115,-8113,True,True,0,0,Ke4,endgame,0.0,13.0,1,Sicilian Defense: Nyezhmetdinov-Rossolimo Attack,1-0
VeL05zD2,67,white,True,Rd6,8113,7999,True,True,0,0,Rg6,endgame,0.0,6.0,1,Sicilian Defense: Nyezhmetdinov-Rossolimo Attack,1-0
VeL05zD2,67,black,False,Kf4,-7999,-7976,True,True,0,0,Ke5,endgame,0.0,13.0,1,Sicilian Defense: Nyezhmetdinov-Rossolimo Attack,1-0
VeL05zD2,68,white,True,Rd7,7976,7533,True,True,0,0,Rd8,endgame,0.0,6.0,1,Sicilian Defense: Nyezhmetdinov-Rossolimo Attack,1-0
VeL05zD2,68,black,False,Kf5,-7533,-5957,True,True,0,0,Kf3,endgame,1.0,12.0,1,Sicilian Defense: Nyezhmetdinov-Rossolimo Attack,1-0
VeL05zD2,69,white,True,Rd8,5957,8115,True,True,0,0,Rf7+,endgame,0.0,6.0,1,Sicilian Defense: Nyezhmetdinov-Rossolimo Attack,1-0
VeL05zD2,69,black,False,Kf4,-8115,-8115,True,True,0,0,Kf4,endgame,0.0,12.0,1,Sicilian Defense: Nyezhmetdinov-Rossolimo Attack,1-0
VeL05zD2,70,white,True,Re8,8115,5978,True,True,0,0,Rb8,endgame,0.0,6.0,1,Sicilian Defense: Nyezhmetdinov-Rossolimo Attack,1-0
VeL05zD2,70,black,False,Kg4,-5978,-10000,True,True,0,0,Kg5,endgame,0.0,12.0,1,Sicilian Defense: Nyezhmetdinov-Rossolimo Attack,1-0
VeL05zD2,71,white,True,Rc8,10000,10000,True,True,0,0,Rf8,endgame,0.0,6.0,1,Sicilian Defense: Nyezhmetdinov-Rossolimo Attack,1-0
VeL05zD2,71,black,False,Kg5,-10000,-10000,True,True,0,0,Kf5,endgame,0.0,12.0,1,Sicilian Defense: Nyezhmetdinov-Rossolimo Attack,1-0
VeL05zD2,72,white,True,Rb8,10000,5092,True,True,0,0,Rf8,endgame,0.0,6.0,1,Sicilian Defense: Nyezhmetdinov-Rossolimo Attack,1-0
VeL05zD2,72,black,False,Kf5,-5092,-10000,True,True,0,0,Kf4,endgame,0.0,12.0,1,Sicilian Defense: Nyezhmetdinov-Rossolimo Attack,1-0
VeL05zD2,73,white,True,Rb6,10000,7745,True,True,0,0,Rb4,endgame,0.0,6.0,1,Sicilian Defense: Nyezhmetdinov-Rossolimo Attack,1-0
VeL05zD2,73,black,False,Ke5,-7745,-8115,True,True,0,0,Ke4,endgame,1.0,11.0,1,Sicilian Defense: Nyezhmetdinov-Rossolimo Attack,1-0
VeL05zD2,74,white,True,Ra6,8115,10000,True,True,0,0,Rb8,endgame,0.0,6.0,1,Sicilian Defense: Nyezhmetdinov-Rossolimo Attack,1-0
VeL05zD2,74,black,False,Kd5,-10000,-1865,True,True,0,0,Kf4,endgame,1.0,10.0,1,Sicilian Defense: Nyezhmetdinov-Rossolimo Attack,1-0
VeL05zD2,75,white,True,Ra5+,1865,7461,True,True,0,0,Ra4,endgame,0.0,6.0,1,Sicilian Defense: Nyezhmetdinov-Rossolimo Attack,1-0
VeL05zD2,75,black,False,Kd4,-7461,-8115,True,True,0,0,Kd4,endgame,0.0,10.0,1,Sicilian Defense: Nyezhmetdinov-Rossolimo Attack,1-0
VeL05zD2,76,white,True,Ra7,8115,7344,True,True,0,0,Kd6,endgame,0.0,6.0,1,Sicilian Defense: Nyezhmetdinov-Rossolimo Attack,1-0
VeL05zD2,76,black,False,Kc3,-7344,-8115,True,True,0,0,Kd5,endgame,0.0,10.0,1,Sicilian Defense: Nyezhmetdinov-Rossolimo Attack,1-0
VeL05zD2,77,white,True,Ra8,8115,8115,True,True,0,0,Kc6,endgame,0.0,6.0,1,Sicilian Defense: Nyezhmetdinov-Rossolimo Attack,1-0
VeL05zD2,77,black,False,Kb4,-8115,-10000,True,True,0,0,Kb2,endgame,1.0,9.0,1,Sicilian Defense: Nyezhmetdinov-Rossolimo Attack,1-0
VeL05zD2,78,white,True,Rb8+,10000,10000,True,True,0,0,Kc6,endgame,0.0,6.0,1,Sicilian Defense: Nyezhmetdinov-Rossolimo Attack,1-0
VeL05zD2,78,black,False,Kc4,-10000,-10000,True,True,0,0,Kc4,endgame,0.0,9.0,1,Sicilian Defense: Nyezhmetdinov-Rossolimo Attack,1-0
VeL05zD2,79,white,True,Kc8,10000,6405,True,True,0,0,Rd8,endgame,0.0,6.0,1,Sicilian Defense: Nyezhmetdinov-Rossolimo Attack,1-0
VeL05zD2,79,black,False,Kc5,-6405,-7150,True,True,0,0,Kd5,endgame,0.0,9.0,1,Sicilian Defense: Nyezhmetdinov-Rossolimo Attack,1-0
VeL05zD2,80,white,True,Kd8,7150,10000,True,True,0,0,Kc7,endgame,0.0,6.0,1,Sicilian Defense: Nyezhmetdinov-Rossolimo Attack,1-0
VeL05zD2,80,black,False,Kc4,-10000,-10000,True,True,0,0,Kc6,endgame,1.0,8.0,1,Sicilian Defense: Nyezhmetdinov-Rossolimo Attack,1-0
VeL05zD2,81,white,True,Rc8+,10000,1198,True,False,0,0,Kc7,endgame,0.0,6.0,1,Sicilian Defense: Nyezhmetdinov-Rossolimo Attack,1-0
VeL05zD2,81,black,False,Kd4,-1198,-8002,False,True,0,0,Kd4,endgame,0.0,8.0,1,Sicilian Defense: Nyezhmetdinov-Rossolimo Attack,1-0
VeL05zD2,82,white,True,Rc7,8002,7195,True,True,0,0,Kc7,endgame,0.0,6.0,1,Sicilian Defense: Nyezhmetdinov-Rossolimo Attack,1-0
VeL05zD2,82,black,False,Ke5,-7195,-2459,True,True,0,0,Ke4,endgame,0.0,8.0,1,Sicilian Defense: Nyezhmetdinov-Rossolimo Attack,1-0
VeL05zD2,83,white,True,Rd7,2459,10000,True,True,0,0,Rd7,endgame,0.0,6.0,1,Sicilian Defense: Nyezhmetdinov-Rossolimo Attack,1-0
VeL05zD2,83,black,False,Ke6,-10000,-10000,True,True,0,0,Kf6,endgame,1.0,7.0,1,Sicilian Defense: Nyezhmetdinov-Rossolimo Attack,1-0
VeL05zD2,84,white,True,Re7+,10000,10000,True,True,0,0,Kc7,endgame,0.0,6.0,1,Sicilian Defense: Nyezhmetdinov-Rossolimo Attack,1-0
VeL05zD2,84,black,False,Kf6,-10000,-10000,True,True,0,0,Kd6,endgame,0.0,7.0,1,Sicilian Defense: Nyezhmetdinov-Rossolimo Attack,1-0
VeL05zD2,85,white,True,Re8,10000,10000,True,True,0,0,Kd7,endgame,0.0,6.0,1,Sicilian Defense: Nyezhmetdinov-Rossolimo Attack,1-0
VeL05zD2,85,black,False,Kg6,-10000,-10000,True,True,0,0,Kf5,endgame,0.0,7.0,1,Sicilian Defense: Nyezhmetdinov-Rossolimo Attack,1-0
VeL05zD2,86,white,True,Re7,10000,10000,True,True,0,0,Re5,endgame,1.0,5.0,1,Sicilian Defense: Nyezhmetdinov-Rossolimo Attack,1-0
VeL05zD2,86,black,False,Kf6,-10000,-10000,True,True,0,0,Kf5,endgame,0.0,7.0,1,Sicilian Defense: Nyezhmetdinov-Rossolimo Attack,1-0
VeL05zD2,87,white,True,Rb7,10000,10000,True,True,0,0,Kd7,endgame,0.0,5.0,1,Sicilian Defense: Nyezhmetdinov-Rossolimo Attack,1-0
VeL05zD2,87,black,False,Kf5,-10000,-6415,True,True,0,0,Ke5,endgame,1.0,6.0,1,Sicilian Defense: Nyezhmetdinov-Rossolimo Attack,1-0
VeL05zD2,88,white,True,Rb6,6415,6162,True,True,0,0,Rd7,endgame,0.0,5.0,1,Sicilian Defense: Nyezhmetdinov-Rossolimo Attack,1-0
VeL05zD2,88,black,False,Ke5,-6162,-5354,True,True,0,0,Kf4,endgame,0.0,6.0,1,Sicilian Defense: Nyezhmetdinov-Rossolimo Attack,1-0
VeL05zD2,89,white,True,Rb7,5354,7559,True,True,0,0,Ra6,endgame,1.0,4.0,1,Sicilian Defense: Nyezhmetdinov-Rossolimo Attack,1-0
VeL05zD2,89,black,False,Kd4,-7559,-3220,True,True,0,0,Kd6,endgame,0.0,6.0,1,Sicilian Defense: Nyezhmetdinov-Rossolimo Attack,1-0
VeL05zD2,90,white,True,Rb8,3220,10000,True,True,0,0,Rb6,endgame,0.0,4.0,1,Sicilian Defense: Nyezhmetdinov-Rossolimo Attack,1-0
VeL05zD2,90,black,False,Kc5,-10000,-10000,True,True,0,0,Ke4,endgame,1.0,5.0,1,Sicilian Defense: Nyezhmetdinov-Rossolimo Attack,1-0
VeL05zD2,91,white,True,Rc8+,10000,10000,True,True,0,0,Kc7,endgame,0.0,4.0,1,Sicilian Defense: Nyezhmetdinov-Rossolimo Attack,1-0
VeL05zD2,91,black,False,Kd5,-10000,-10000,True,True,0,0,Kd6,endgame,0.0,5.0,1,Sicilian Defense: Nyezhmetdinov-Rossolimo Attack,1-0
VeL05zD2,92,white,True,Ke8,10000,7836,True,True,0,0,Kc7,endgame,0.0,4.0,1,Sicilian Defense: Nyezhmetdinov-Rossolimo Attack,1-0
VeL05zD2,92,black,False,Kd6,-7836,-7462,True,True,0,0,Kd6,endgame,1.0,4.0,1,Sicilian Defense: Nyezhmetdinov-Rossolimo Attack,1-0
VeL05zD2,93,white,True,Kf8,7462,8115,True,True,0,0,Ra8,endgame,0.0,4.0,1,Sicilian Defense: Nyezhmetdinov-Rossolimo Attack,1-0
VeL05zD2,93,black,False,Ke6,-8115,-1053,True,False,0,0,Ke6,endgame,0.0,4.0,1,Sicilian Defense: Nyezhmetdinov-Rossolimo Attack,1-0
VeL05zD2,94,white,True,Kg8,1053,501,False,False,499,0,Ra8,endgame,0.0,4.0,1,Sicilian Defense: Nyezhmetdinov-Rossolimo Attack,1-0
VeL05zD2,94,black,False,Kf6,-501,-3164,False,True,499,1,Kd7,endgame,0.0,4.0,1,Sicilian Defense: Nyezhmetdinov-Rossolimo Attack,1-0
VeL05zD2,95,white,True,Rb8,3164,1014,True,False,0,1,Kf8,endgame,1.0,3.0,1,Sicilian Defense: Nyezhmetdinov-Rossolimo Attack,1-0
VeL05zD2,95,black,False,Kg6,-1014,-10000,False,True,0,0,Ke6,endgame,0.0,4.0,1,Sicilian Defense: Nyezhmetdinov-Rossolimo Attack,1-0
VeL05zD2,96,white,True,Ra8,10000,507,True,False,493,0,Re8,endgame,0.0,3.0,1,Sicilian Defense: Nyezhmetdinov-Rossolimo Attack,1-0
VeL05zD2,96,black,False,Kh6,-507,-246,False,False,0,1,Kf5,endgame,1.0,3.0,1,Sicilian Defense: Nyezhmetdinov-Rossolimo Attack,1-0
VeL05zD2,97,white,True,Ra6+,246,389,False,False,0,1,Rb8,endgame,0.0,3.0,1,Sicilian Defense: Nyezhmetdinov-Rossolimo Attack,1-0
VeL05zD2,97,black,False,Kg5,-389,-5767,False,True,611,1,Kh5,endgame,0.0,3.0,1,Sicilian Defense: Nyezhmetdinov-Rossolimo Attack,1-0
VeL05zD2,98,white,True,Ra5+,5767,131,True,False,869,1,Kf7,endgame,0.0,3.0,1,Sicilian Defense: Nyezhmetdinov-Rossolimo Attack,1-0
VeL05zD2,98,black,False,Kg4,-131,-256,False,False,125,1,Kf4,endgame,0.0,3.0,1,Sicilian Defense: Nyezhmetdinov-Rossolimo Attack,1-0
VeL05zD2,99,white,True,Ra4+,256,98,False,False,158,1,Re5,endgame,0.0,3.0,1,Sicilian Defense: Nyezhmetdinov-Rossolimo Attack,1-0
VeL05zD2,99,black,False,Kf3,-98,-84,False,False,0,1,Kf3,endgame,1.0,2.0,1,Sicilian Defense: Nyezhmetdinov-Rossolimo Attack,1-0
VeL05zD2,100,white,True,Ra5,84,95,False,False,0,0,Ra3+,endgame,0.0,3.0,1,Sicilian Defense: Nyezhmetdinov-Rossolimo Attack,1-0
VeL05zD2,100,black,False,Ke3,-95,-66,False,False,0,0,Ke3,endgame,0.0,2.0,1,Sicilian Defense: Nyezhmetdinov-Rossolimo Attack,1-0
VeL05zD2,101,white,True,Ra7,66,61,False,False,5,0,Kf7,endgame,0.0,3.0,1,Sicilian Defense: Nyezhmetdinov-Rossolimo Attack,1-0
VeL05zD2,101,black,False,Kd4,-61,-78,False,False,17,0,Kd4,endgame,0.0,2.0,1,Sicilian Defense: Nyezhmetdinov-Rossolimo Attack,1-0
VeL05zD2,102,white,True,Rb7,78,42,False,False,36,0,Rd7+,endgame,0.0,3.0,1,Sicilian Defense: Nyezhmetdinov-Rossolimo Attack,1-0
VeL05zD2,102,black,False,Kd3,-42,-34,False,False,0,0,Kc3,endgame,1.0,1.0,1,Sicilian Defense: Nyezhmetdinov-Rossolimo Attack,1-0
VeL05zD2,103,white,True,Rc7,34,24,False,False,10,0,Kf7,endgame,0.0,3.0,1,Sicilian Defense: Nyezhmetdinov-Rossolimo Attack,1-0
